[debug] [2024-04-16T20:54:05.873Z] ----------------------------------------------------------------------
[debug] [2024-04-16T20:54:05.883Z] Command:       C:\Program Files\nodejs\node.exe C:\Users\Admin\AppData\Roaming\npm\node_modules\firebase-tools\lib\bin\firebase.js deploy
[debug] [2024-04-16T20:54:05.884Z] CLI Version:   13.7.2
[debug] [2024-04-16T20:54:05.885Z] Platform:      win32
[debug] [2024-04-16T20:54:05.886Z] Node Version:  v20.11.1
[debug] [2024-04-16T20:54:05.887Z] Time:          Tue Apr 16 2024 23:54:05 GMT+0300 (East Africa Time)
[debug] [2024-04-16T20:54:05.887Z] ----------------------------------------------------------------------
[debug] 
[debug] [2024-04-16T20:54:06.226Z] > command requires scopes: ["email","openid","https://www.googleapis.com/auth/cloudplatformprojects.readonly","https://www.googleapis.com/auth/firebase","https://www.googleapis.com/auth/cloud-platform"]
[debug] [2024-04-16T20:54:06.228Z] > authorizing via signed-in user (matovucaleb2@sagepond.com)
[debug] [2024-04-16T20:54:06.229Z] [iam] checking project sage-pond-gen-ai for permissions ["cloudfunctions.functions.create","cloudfunctions.functions.delete","cloudfunctions.functions.get","cloudfunctions.functions.list","cloudfunctions.functions.update","cloudfunctions.operations.get","firebase.projects.get","firebasehosting.sites.update"]
[debug] [2024-04-16T20:54:06.237Z] >>> [apiv2][query] POST https://cloudresourcemanager.googleapis.com/v1/projects/sage-pond-gen-ai:testIamPermissions [none]
[debug] [2024-04-16T20:54:06.238Z] >>> [apiv2][(partial)header] POST https://cloudresourcemanager.googleapis.com/v1/projects/sage-pond-gen-ai:testIamPermissions x-goog-quota-user=projects/sage-pond-gen-ai
[debug] [2024-04-16T20:54:06.239Z] >>> [apiv2][body] POST https://cloudresourcemanager.googleapis.com/v1/projects/sage-pond-gen-ai:testIamPermissions {"permissions":["cloudfunctions.functions.create","cloudfunctions.functions.delete","cloudfunctions.functions.get","cloudfunctions.functions.list","cloudfunctions.functions.update","cloudfunctions.operations.get","firebase.projects.get","firebasehosting.sites.update"]}
[debug] [2024-04-16T20:54:08.144Z] <<< [apiv2][status] POST https://cloudresourcemanager.googleapis.com/v1/projects/sage-pond-gen-ai:testIamPermissions 200
[debug] [2024-04-16T20:54:08.145Z] <<< [apiv2][body] POST https://cloudresourcemanager.googleapis.com/v1/projects/sage-pond-gen-ai:testIamPermissions {"permissions":["cloudfunctions.functions.create","cloudfunctions.functions.delete","cloudfunctions.functions.get","cloudfunctions.functions.list","cloudfunctions.functions.update","cloudfunctions.operations.get","firebase.projects.get","firebasehosting.sites.update"]}
[debug] [2024-04-16T20:54:08.147Z] >>> [apiv2][query] POST https://iam.googleapis.com/v1/projects/sage-pond-gen-ai/serviceAccounts/sage-pond-gen-ai@appspot.gserviceaccount.com:testIamPermissions [none]
[debug] [2024-04-16T20:54:08.147Z] >>> [apiv2][body] POST https://iam.googleapis.com/v1/projects/sage-pond-gen-ai/serviceAccounts/sage-pond-gen-ai@appspot.gserviceaccount.com:testIamPermissions {"permissions":["iam.serviceAccounts.actAs"]}
[debug] [2024-04-16T20:54:10.449Z] <<< [apiv2][status] POST https://iam.googleapis.com/v1/projects/sage-pond-gen-ai/serviceAccounts/sage-pond-gen-ai@appspot.gserviceaccount.com:testIamPermissions 200
[debug] [2024-04-16T20:54:10.450Z] <<< [apiv2][body] POST https://iam.googleapis.com/v1/projects/sage-pond-gen-ai/serviceAccounts/sage-pond-gen-ai@appspot.gserviceaccount.com:testIamPermissions {"permissions":["iam.serviceAccounts.actAs"]}
[debug] [2024-04-16T20:54:10.452Z] >>> [apiv2][query] GET https://firebase.googleapis.com/v1beta1/projects/sage-pond-gen-ai [none]
[debug] [2024-04-16T20:54:11.191Z] <<< [apiv2][status] GET https://firebase.googleapis.com/v1beta1/projects/sage-pond-gen-ai 200
[debug] [2024-04-16T20:54:11.192Z] <<< [apiv2][body] GET https://firebase.googleapis.com/v1beta1/projects/sage-pond-gen-ai {"projectId":"sage-pond-gen-ai","projectNumber":"369426724601","displayName":"SAGE POND GEN AI","name":"projects/sage-pond-gen-ai","resources":{"hostingSite":"sage-pond-gen-ai","realtimeDatabaseInstance":"sage-pond-gen-ai-default-rtdb","locationId":"us-east4"},"state":"ACTIVE","etag":"1_caa95ad5-428e-4a12-bf57-e32e3ff9b157"}
[info] 
[info] === Deploying to 'sage-pond-gen-ai'...
[info] 
[info] i  deploying functions, hosting 
[debug] [2024-04-16T20:54:11.216Z] >>> [apiv2][query] GET https://firebase.googleapis.com/v1beta1/projects/sage-pond-gen-ai [none]
[debug] [2024-04-16T20:54:11.642Z] <<< [apiv2][status] GET https://firebase.googleapis.com/v1beta1/projects/sage-pond-gen-ai 200
[debug] [2024-04-16T20:54:11.642Z] <<< [apiv2][body] GET https://firebase.googleapis.com/v1beta1/projects/sage-pond-gen-ai {"projectId":"sage-pond-gen-ai","projectNumber":"369426724601","displayName":"SAGE POND GEN AI","name":"projects/sage-pond-gen-ai","resources":{"hostingSite":"sage-pond-gen-ai","realtimeDatabaseInstance":"sage-pond-gen-ai-default-rtdb","locationId":"us-east4"},"state":"ACTIVE","etag":"1_caa95ad5-428e-4a12-bf57-e32e3ff9b157"}
[info] i  functions: preparing codebase default for deployment 
[info] i  functions: ensuring required API cloudfunctions.googleapis.com is enabled... 
[info] i  functions: ensuring required API cloudbuild.googleapis.com is enabled... 
[info] i  artifactregistry: ensuring required API artifactregistry.googleapis.com is enabled... 
[debug] [2024-04-16T20:54:11.659Z] >>> [apiv2][query] GET https://serviceusage.googleapis.com/v1/projects/sage-pond-gen-ai/services/cloudfunctions.googleapis.com [none]
[debug] [2024-04-16T20:54:11.660Z] >>> [apiv2][(partial)header] GET https://serviceusage.googleapis.com/v1/projects/sage-pond-gen-ai/services/cloudfunctions.googleapis.com x-goog-quota-user=projects/sage-pond-gen-ai
[debug] [2024-04-16T20:54:11.664Z] >>> [apiv2][query] GET https://serviceusage.googleapis.com/v1/projects/sage-pond-gen-ai/services/runtimeconfig.googleapis.com [none]
[debug] [2024-04-16T20:54:11.664Z] >>> [apiv2][(partial)header] GET https://serviceusage.googleapis.com/v1/projects/sage-pond-gen-ai/services/runtimeconfig.googleapis.com x-goog-quota-user=projects/sage-pond-gen-ai
[debug] [2024-04-16T20:54:11.670Z] >>> [apiv2][query] GET https://serviceusage.googleapis.com/v1/projects/sage-pond-gen-ai/services/cloudbuild.googleapis.com [none]
[debug] [2024-04-16T20:54:11.670Z] >>> [apiv2][(partial)header] GET https://serviceusage.googleapis.com/v1/projects/sage-pond-gen-ai/services/cloudbuild.googleapis.com x-goog-quota-user=projects/sage-pond-gen-ai
[debug] [2024-04-16T20:54:11.675Z] >>> [apiv2][query] GET https://serviceusage.googleapis.com/v1/projects/sage-pond-gen-ai/services/artifactregistry.googleapis.com [none]
[debug] [2024-04-16T20:54:11.676Z] >>> [apiv2][(partial)header] GET https://serviceusage.googleapis.com/v1/projects/sage-pond-gen-ai/services/artifactregistry.googleapis.com x-goog-quota-user=projects/sage-pond-gen-ai
[debug] [2024-04-16T20:54:13.797Z] <<< [apiv2][status] GET https://serviceusage.googleapis.com/v1/projects/sage-pond-gen-ai/services/cloudbuild.googleapis.com 200
[debug] [2024-04-16T20:54:13.798Z] <<< [apiv2][body] GET https://serviceusage.googleapis.com/v1/projects/sage-pond-gen-ai/services/cloudbuild.googleapis.com [omitted]
[info] +  functions: required API cloudbuild.googleapis.com is enabled 
[debug] [2024-04-16T20:54:13.977Z] <<< [apiv2][status] GET https://serviceusage.googleapis.com/v1/projects/sage-pond-gen-ai/services/cloudfunctions.googleapis.com 200
[debug] [2024-04-16T20:54:13.977Z] <<< [apiv2][body] GET https://serviceusage.googleapis.com/v1/projects/sage-pond-gen-ai/services/cloudfunctions.googleapis.com [omitted]
[info] +  functions: required API cloudfunctions.googleapis.com is enabled 
[debug] [2024-04-16T20:54:14.089Z] <<< [apiv2][status] GET https://serviceusage.googleapis.com/v1/projects/sage-pond-gen-ai/services/artifactregistry.googleapis.com 200
[debug] [2024-04-16T20:54:14.090Z] <<< [apiv2][body] GET https://serviceusage.googleapis.com/v1/projects/sage-pond-gen-ai/services/artifactregistry.googleapis.com [omitted]
[info] +  artifactregistry: required API artifactregistry.googleapis.com is enabled 
[debug] [2024-04-16T20:54:14.330Z] <<< [apiv2][status] GET https://serviceusage.googleapis.com/v1/projects/sage-pond-gen-ai/services/runtimeconfig.googleapis.com 200
[debug] [2024-04-16T20:54:14.331Z] <<< [apiv2][body] GET https://serviceusage.googleapis.com/v1/projects/sage-pond-gen-ai/services/runtimeconfig.googleapis.com [omitted]
[debug] [2024-04-16T20:54:14.332Z] >>> [apiv2][query] GET https://firebase.googleapis.com/v1beta1/projects/sage-pond-gen-ai/adminSdkConfig [none]
[debug] [2024-04-16T20:54:14.826Z] <<< [apiv2][status] GET https://firebase.googleapis.com/v1beta1/projects/sage-pond-gen-ai/adminSdkConfig 200
[debug] [2024-04-16T20:54:14.826Z] <<< [apiv2][body] GET https://firebase.googleapis.com/v1beta1/projects/sage-pond-gen-ai/adminSdkConfig {"projectId":"sage-pond-gen-ai","databaseURL":"https://sage-pond-gen-ai-default-rtdb.firebaseio.com","storageBucket":"sage-pond-gen-ai.appspot.com","locationId":"us-east4"}
[debug] [2024-04-16T20:54:14.828Z] >>> [apiv2][query] GET https://runtimeconfig.googleapis.com/v1beta1/projects/sage-pond-gen-ai/configs [none]
[debug] [2024-04-16T20:54:16.087Z] <<< [apiv2][status] GET https://runtimeconfig.googleapis.com/v1beta1/projects/sage-pond-gen-ai/configs 200
[debug] [2024-04-16T20:54:16.088Z] <<< [apiv2][body] GET https://runtimeconfig.googleapis.com/v1beta1/projects/sage-pond-gen-ai/configs {}
[debug] [2024-04-16T20:54:16.093Z] Validating nodejs source
[debug] [2024-04-16T20:54:21.339Z] > [functions] package.json contents: {
  "name": "functions",
  "description": "Cloud Functions for Firebase",
  "scripts": {
    "serve": "firebase emulators:start --only functions",
    "shell": "firebase functions:shell",
    "start": "npm run shell",
    "deploy": "firebase deploy --only functions",
    "logs": "firebase functions:log"
  },
  "engines": {
    "node": "18"
  },
  "main": "index.js",
  "dependencies": {
    "express": "^4.19.2",
    "firebase-admin": "^11.8.0",
    "firebase-functions": "^4.3.1",
    "uid": "^2.0.2"
  },
  "devDependencies": {
    "firebase-functions-test": "^3.1.0"
  },
  "private": true
}
[debug] [2024-04-16T20:54:21.340Z] Building nodejs source
[info] i  functions: Loading and analyzing source code for codebase default to determine what to deploy 
[debug] [2024-04-16T20:54:21.353Z] Could not find functions.yaml. Must use http discovery
[debug] [2024-04-16T20:54:21.389Z] Found firebase-functions binary at 'C:\Users\Admin\Documents\SAGE POND WEB\functions\node_modules\.bin\firebase-functions'
[info] Serving at port 8791

[error] node:events:496
      throw er; // Unhandled 'error' event
      ^

Error: listen EADDRINUSE: address already in use :::8791
    at Server.setupListenHandle [as _listen2] (node:net:1872:16)
    at listenInCluster (node:net:1920:12)
    at Server.listen (node:net:2008:7)
    at Function.listen (C:\Users\Admin\Documents\SAGE POND WEB\functions\node_modules\express\lib\application.js:635:24)
    at Object.<anonymous> (C:\Users\Admin\Documents\SAGE POND WEB\functions\index.js:115:7)
    at Module._compile (node:internal/modules/cjs/loader:1376:14)
    at Module._extensions..js (node:internal/modules/cjs/loader:1435:10)
    at Module.load (node:internal/modules/cjs/loader:1207:32)
    at Module._load (node:internal/modules/cjs/loader:1023:12)
    at Module.require (node:internal/modules/cjs/loader:1235:19)
Emitted 'error' event on Server instance at:
    at emitErrorNT (node:net:1899:8)
    at process.processTicksAndRejections (node:internal/process/task_queues:82:21) {
  code: 'EADDRINUSE',
  errno: -4091,
  syscall: 'listen',
  address: '::',
  port: 8791
}

Node.js v20.11.1

[debug] [2024-04-16T20:54:24.777Z] Failed to call quitquitquit. This often means the server failed to start request to http://localhost:8791/__/quitquitquit failed, reason:  {"message":"request to http://localhost:8791/__/quitquitquit failed, reason: ","type":"system","errno":"ECONNREFUSED","code":"ECONNREFUSED"}
[debug] [2024-04-16T20:54:24.791Z] FetchError: request to http://127.0.0.1:8791/__/functions.yaml failed, reason: read ECONNRESET
    at ClientRequest.<anonymous> (C:\Users\Admin\AppData\Roaming\npm\node_modules\firebase-tools\node_modules\node-fetch\lib\index.js:1501:11)
    at ClientRequest.emit (node:events:518:28)
    at ClientRequest.emit (node:domain:488:12)
    at Socket.socketErrorListener (node:_http_client:495:9)
    at Socket.emit (node:events:518:28)
    at Socket.emit (node:domain:488:12)
    at emitErrorNT (node:internal/streams/destroy:169:8)
    at emitErrorCloseNT (node:internal/streams/destroy:128:3)
    at process.processTicksAndRejections (node:internal/process/task_queues:82:21)
[error] 
[error] Error: An unexpected error has occurred.
[debug] [2024-04-16T20:55:33.118Z] ----------------------------------------------------------------------
[debug] [2024-04-16T20:55:33.128Z] Command:       C:\Program Files\nodejs\node.exe C:\Users\Admin\AppData\Roaming\npm\node_modules\firebase-tools\lib\bin\firebase.js deploy
[debug] [2024-04-16T20:55:33.130Z] CLI Version:   13.7.2
[debug] [2024-04-16T20:55:33.131Z] Platform:      win32
[debug] [2024-04-16T20:55:33.132Z] Node Version:  v20.11.1
[debug] [2024-04-16T20:55:33.132Z] Time:          Tue Apr 16 2024 23:55:33 GMT+0300 (East Africa Time)
[debug] [2024-04-16T20:55:33.133Z] ----------------------------------------------------------------------
[debug] 
[debug] [2024-04-16T20:55:33.478Z] > command requires scopes: ["email","openid","https://www.googleapis.com/auth/cloudplatformprojects.readonly","https://www.googleapis.com/auth/firebase","https://www.googleapis.com/auth/cloud-platform"]
[debug] [2024-04-16T20:55:33.479Z] > authorizing via signed-in user (matovucaleb2@sagepond.com)
[debug] [2024-04-16T20:55:33.480Z] [iam] checking project sage-pond-gen-ai for permissions ["cloudfunctions.functions.create","cloudfunctions.functions.delete","cloudfunctions.functions.get","cloudfunctions.functions.list","cloudfunctions.functions.update","cloudfunctions.operations.get","firebase.projects.get","firebasehosting.sites.update"]
[debug] [2024-04-16T20:55:33.489Z] >>> [apiv2][query] POST https://cloudresourcemanager.googleapis.com/v1/projects/sage-pond-gen-ai:testIamPermissions [none]
[debug] [2024-04-16T20:55:33.489Z] >>> [apiv2][(partial)header] POST https://cloudresourcemanager.googleapis.com/v1/projects/sage-pond-gen-ai:testIamPermissions x-goog-quota-user=projects/sage-pond-gen-ai
[debug] [2024-04-16T20:55:33.490Z] >>> [apiv2][body] POST https://cloudresourcemanager.googleapis.com/v1/projects/sage-pond-gen-ai:testIamPermissions {"permissions":["cloudfunctions.functions.create","cloudfunctions.functions.delete","cloudfunctions.functions.get","cloudfunctions.functions.list","cloudfunctions.functions.update","cloudfunctions.operations.get","firebase.projects.get","firebasehosting.sites.update"]}
[debug] [2024-04-16T20:55:35.419Z] <<< [apiv2][status] POST https://cloudresourcemanager.googleapis.com/v1/projects/sage-pond-gen-ai:testIamPermissions 200
[debug] [2024-04-16T20:55:35.420Z] <<< [apiv2][body] POST https://cloudresourcemanager.googleapis.com/v1/projects/sage-pond-gen-ai:testIamPermissions {"permissions":["cloudfunctions.functions.create","cloudfunctions.functions.delete","cloudfunctions.functions.get","cloudfunctions.functions.list","cloudfunctions.functions.update","cloudfunctions.operations.get","firebase.projects.get","firebasehosting.sites.update"]}
[debug] [2024-04-16T20:55:35.421Z] >>> [apiv2][query] POST https://iam.googleapis.com/v1/projects/sage-pond-gen-ai/serviceAccounts/sage-pond-gen-ai@appspot.gserviceaccount.com:testIamPermissions [none]
[debug] [2024-04-16T20:55:35.422Z] >>> [apiv2][body] POST https://iam.googleapis.com/v1/projects/sage-pond-gen-ai/serviceAccounts/sage-pond-gen-ai@appspot.gserviceaccount.com:testIamPermissions {"permissions":["iam.serviceAccounts.actAs"]}
[debug] [2024-04-16T20:55:37.456Z] <<< [apiv2][status] POST https://iam.googleapis.com/v1/projects/sage-pond-gen-ai/serviceAccounts/sage-pond-gen-ai@appspot.gserviceaccount.com:testIamPermissions 200
[debug] [2024-04-16T20:55:37.456Z] <<< [apiv2][body] POST https://iam.googleapis.com/v1/projects/sage-pond-gen-ai/serviceAccounts/sage-pond-gen-ai@appspot.gserviceaccount.com:testIamPermissions {"permissions":["iam.serviceAccounts.actAs"]}
[debug] [2024-04-16T20:55:37.459Z] >>> [apiv2][query] GET https://firebase.googleapis.com/v1beta1/projects/sage-pond-gen-ai [none]
[debug] [2024-04-16T20:55:38.076Z] <<< [apiv2][status] GET https://firebase.googleapis.com/v1beta1/projects/sage-pond-gen-ai 200
[debug] [2024-04-16T20:55:38.076Z] <<< [apiv2][body] GET https://firebase.googleapis.com/v1beta1/projects/sage-pond-gen-ai {"projectId":"sage-pond-gen-ai","projectNumber":"369426724601","displayName":"SAGE POND GEN AI","name":"projects/sage-pond-gen-ai","resources":{"hostingSite":"sage-pond-gen-ai","realtimeDatabaseInstance":"sage-pond-gen-ai-default-rtdb","locationId":"us-east4"},"state":"ACTIVE","etag":"1_caa95ad5-428e-4a12-bf57-e32e3ff9b157"}
[info] 
[info] === Deploying to 'sage-pond-gen-ai'...
[info] 
[info] i  deploying functions, hosting 
[debug] [2024-04-16T20:55:38.100Z] >>> [apiv2][query] GET https://firebase.googleapis.com/v1beta1/projects/sage-pond-gen-ai [none]
[debug] [2024-04-16T20:55:38.548Z] <<< [apiv2][status] GET https://firebase.googleapis.com/v1beta1/projects/sage-pond-gen-ai 200
[debug] [2024-04-16T20:55:38.548Z] <<< [apiv2][body] GET https://firebase.googleapis.com/v1beta1/projects/sage-pond-gen-ai {"projectId":"sage-pond-gen-ai","projectNumber":"369426724601","displayName":"SAGE POND GEN AI","name":"projects/sage-pond-gen-ai","resources":{"hostingSite":"sage-pond-gen-ai","realtimeDatabaseInstance":"sage-pond-gen-ai-default-rtdb","locationId":"us-east4"},"state":"ACTIVE","etag":"1_caa95ad5-428e-4a12-bf57-e32e3ff9b157"}
[info] i  functions: preparing codebase default for deployment 
[info] i  functions: ensuring required API cloudfunctions.googleapis.com is enabled... 
[info] i  functions: ensuring required API cloudbuild.googleapis.com is enabled... 
[info] i  artifactregistry: ensuring required API artifactregistry.googleapis.com is enabled... 
[debug] [2024-04-16T20:55:38.564Z] >>> [apiv2][query] GET https://serviceusage.googleapis.com/v1/projects/sage-pond-gen-ai/services/cloudfunctions.googleapis.com [none]
[debug] [2024-04-16T20:55:38.565Z] >>> [apiv2][(partial)header] GET https://serviceusage.googleapis.com/v1/projects/sage-pond-gen-ai/services/cloudfunctions.googleapis.com x-goog-quota-user=projects/sage-pond-gen-ai
[debug] [2024-04-16T20:55:38.568Z] >>> [apiv2][query] GET https://serviceusage.googleapis.com/v1/projects/sage-pond-gen-ai/services/runtimeconfig.googleapis.com [none]
[debug] [2024-04-16T20:55:38.569Z] >>> [apiv2][(partial)header] GET https://serviceusage.googleapis.com/v1/projects/sage-pond-gen-ai/services/runtimeconfig.googleapis.com x-goog-quota-user=projects/sage-pond-gen-ai
[debug] [2024-04-16T20:55:38.573Z] >>> [apiv2][query] GET https://serviceusage.googleapis.com/v1/projects/sage-pond-gen-ai/services/cloudbuild.googleapis.com [none]
[debug] [2024-04-16T20:55:38.574Z] >>> [apiv2][(partial)header] GET https://serviceusage.googleapis.com/v1/projects/sage-pond-gen-ai/services/cloudbuild.googleapis.com x-goog-quota-user=projects/sage-pond-gen-ai
[debug] [2024-04-16T20:55:38.578Z] >>> [apiv2][query] GET https://serviceusage.googleapis.com/v1/projects/sage-pond-gen-ai/services/artifactregistry.googleapis.com [none]
[debug] [2024-04-16T20:55:38.580Z] >>> [apiv2][(partial)header] GET https://serviceusage.googleapis.com/v1/projects/sage-pond-gen-ai/services/artifactregistry.googleapis.com x-goog-quota-user=projects/sage-pond-gen-ai
[debug] [2024-04-16T20:55:40.582Z] <<< [apiv2][status] GET https://serviceusage.googleapis.com/v1/projects/sage-pond-gen-ai/services/runtimeconfig.googleapis.com 200
[debug] [2024-04-16T20:55:40.583Z] <<< [apiv2][body] GET https://serviceusage.googleapis.com/v1/projects/sage-pond-gen-ai/services/runtimeconfig.googleapis.com [omitted]
[debug] [2024-04-16T20:55:40.758Z] <<< [apiv2][status] GET https://serviceusage.googleapis.com/v1/projects/sage-pond-gen-ai/services/artifactregistry.googleapis.com 200
[debug] [2024-04-16T20:55:40.759Z] <<< [apiv2][body] GET https://serviceusage.googleapis.com/v1/projects/sage-pond-gen-ai/services/artifactregistry.googleapis.com [omitted]
[info] +  artifactregistry: required API artifactregistry.googleapis.com is enabled 
[debug] [2024-04-16T20:55:40.800Z] <<< [apiv2][status] GET https://serviceusage.googleapis.com/v1/projects/sage-pond-gen-ai/services/cloudfunctions.googleapis.com 200
[debug] [2024-04-16T20:55:40.800Z] <<< [apiv2][body] GET https://serviceusage.googleapis.com/v1/projects/sage-pond-gen-ai/services/cloudfunctions.googleapis.com [omitted]
[info] +  functions: required API cloudfunctions.googleapis.com is enabled 
[debug] [2024-04-16T20:55:40.818Z] <<< [apiv2][status] GET https://serviceusage.googleapis.com/v1/projects/sage-pond-gen-ai/services/cloudbuild.googleapis.com 200
[debug] [2024-04-16T20:55:40.818Z] <<< [apiv2][body] GET https://serviceusage.googleapis.com/v1/projects/sage-pond-gen-ai/services/cloudbuild.googleapis.com [omitted]
[info] +  functions: required API cloudbuild.googleapis.com is enabled 
[debug] [2024-04-16T20:55:40.821Z] >>> [apiv2][query] GET https://firebase.googleapis.com/v1beta1/projects/sage-pond-gen-ai/adminSdkConfig [none]
[debug] [2024-04-16T20:55:41.237Z] <<< [apiv2][status] GET https://firebase.googleapis.com/v1beta1/projects/sage-pond-gen-ai/adminSdkConfig 200
[debug] [2024-04-16T20:55:41.237Z] <<< [apiv2][body] GET https://firebase.googleapis.com/v1beta1/projects/sage-pond-gen-ai/adminSdkConfig {"projectId":"sage-pond-gen-ai","databaseURL":"https://sage-pond-gen-ai-default-rtdb.firebaseio.com","storageBucket":"sage-pond-gen-ai.appspot.com","locationId":"us-east4"}
[debug] [2024-04-16T20:55:41.239Z] >>> [apiv2][query] GET https://runtimeconfig.googleapis.com/v1beta1/projects/sage-pond-gen-ai/configs [none]
[debug] [2024-04-16T20:55:41.807Z] <<< [apiv2][status] GET https://runtimeconfig.googleapis.com/v1beta1/projects/sage-pond-gen-ai/configs 200
[debug] [2024-04-16T20:55:41.808Z] <<< [apiv2][body] GET https://runtimeconfig.googleapis.com/v1beta1/projects/sage-pond-gen-ai/configs {}
[debug] [2024-04-16T20:55:41.814Z] Validating nodejs source
[debug] [2024-04-16T20:55:47.110Z] > [functions] package.json contents: {
  "name": "functions",
  "description": "Cloud Functions for Firebase",
  "scripts": {
    "serve": "firebase emulators:start --only functions",
    "shell": "firebase functions:shell",
    "start": "npm run shell",
    "deploy": "firebase deploy --only functions",
    "logs": "firebase functions:log"
  },
  "engines": {
    "node": "18"
  },
  "main": "index.js",
  "dependencies": {
    "express": "^4.19.2",
    "firebase-admin": "^11.8.0",
    "firebase-functions": "^4.3.1",
    "uid": "^2.0.2"
  },
  "devDependencies": {
    "firebase-functions-test": "^3.1.0"
  },
  "private": true
}
[debug] [2024-04-16T20:55:47.111Z] Building nodejs source
[info] i  functions: Loading and analyzing source code for codebase default to determine what to deploy 
[debug] [2024-04-16T20:55:47.119Z] Could not find functions.yaml. Must use http discovery
[debug] [2024-04-16T20:55:47.157Z] Found firebase-functions binary at 'C:\Users\Admin\Documents\SAGE POND WEB\functions\node_modules\.bin\firebase-functions'
[info] Serving at port 8269

[info] listening on Port 8269

[debug] [2024-04-16T20:55:49.914Z] Got response from /__/functions.yaml {"endpoints":{"app":{"availableMemoryMb":null,"timeoutSeconds":null,"minInstances":null,"maxInstances":null,"ingressSettings":null,"concurrency":null,"serviceAccountEmail":null,"vpc":null,"platform":"gcfv2","labels":{},"httpsTrigger":{},"entryPoint":"app"}},"specVersion":"v1alpha1","requiredAPIs":[]}
[info] i  functions: preparing functions directory for uploading... 
[info] i  functions: packaged C:\Users\Admin\Documents\SAGE POND WEB\functions (67.93 KB) for uploading 
[debug] [2024-04-16T20:56:00.244Z] >>> [apiv2][query] GET https://cloudfunctions.googleapis.com/v1/projects/sage-pond-gen-ai/locations/-/functions [none]
[debug] [2024-04-16T20:56:01.483Z] <<< [apiv2][status] GET https://cloudfunctions.googleapis.com/v1/projects/sage-pond-gen-ai/locations/-/functions 200
[debug] [2024-04-16T20:56:01.483Z] <<< [apiv2][body] GET https://cloudfunctions.googleapis.com/v1/projects/sage-pond-gen-ai/locations/-/functions {}
[debug] [2024-04-16T20:56:01.487Z] >>> [apiv2][query] GET https://cloudfunctions.googleapis.com/v2/projects/sage-pond-gen-ai/locations/-/functions filter=environment%3D%22GEN_2%22
[debug] [2024-04-16T20:56:02.595Z] <<< [apiv2][status] GET https://cloudfunctions.googleapis.com/v2/projects/sage-pond-gen-ai/locations/-/functions 200
[debug] [2024-04-16T20:56:02.596Z] <<< [apiv2][body] GET https://cloudfunctions.googleapis.com/v2/projects/sage-pond-gen-ai/locations/-/functions {"functions":[{"name":"projects/sage-pond-gen-ai/locations/us-central1/functions/app","buildConfig":{"build":"projects/369426724601/locations/us-central1/builds/53dc1200-8c79-4b9c-a039-4f1c00cec64b","runtime":"nodejs18","entryPoint":"app","source":{"storageSource":{"bucket":"gcf-v2-sources-369426724601-us-central1","object":"app/function-source.zip","generation":"1713292492055358"}},"environmentVariables":{"GOOGLE_NODE_RUN_SCRIPTS":""},"dockerRepository":"projects/sage-pond-gen-ai/locations/us-central1/repositories/gcf-artifacts","sourceProvenance":{"resolvedStorageSource":{"bucket":"gcf-v2-sources-369426724601-us-central1","object":"app/function-source.zip","generation":"1713292492055358"}},"dockerRegistry":"ARTIFACT_REGISTRY"},"serviceConfig":{"service":"projects/sage-pond-gen-ai/locations/us-central1/services/app","timeoutSeconds":60,"environmentVariables":{"FIREBASE_CONFIG":"{\"projectId\":\"sage-pond-gen-ai\",\"databaseURL\":\"https://sage-pond-gen-ai-default-rtdb.firebaseio.com\",\"storageBucket\":\"sage-pond-gen-ai.appspot.com\",\"locationId\":\"us-east4\"}","GCLOUD_PROJECT":"sage-pond-gen-ai","EVENTARC_CLOUD_EVENT_SOURCE":"projects/sage-pond-gen-ai/locations/us-central1/services/app","FUNCTION_TARGET":"app"},"maxInstanceCount":3,"ingressSettings":"ALLOW_ALL","serviceAccountEmail":"369426724601-compute@developer.gserviceaccount.com","availableMemory":"256Mi","allTrafficOnLatestRevision":true,"revision":"app-00001-kog","maxInstanceRequestConcurrency":80,"availableCpu":"1"},"state":"ACTIVE","updateTime":"2024-04-16T18:39:43.732589030Z","labels":{"deployment-tool":"cli-firebase","firebase-functions-hash":"98686f615d5feaafe95de794e3fcc5a1363eaf32"},"environment":"GEN_2","url":"https://us-central1-sage-pond-gen-ai.cloudfunctions.net/app","createTime":"2024-04-16T18:34:52.330615218Z"}]}
[info] i  functions: ensuring required API run.googleapis.com is enabled... 
[info] i  functions: ensuring required API eventarc.googleapis.com is enabled... 
[info] i  functions: ensuring required API pubsub.googleapis.com is enabled... 
[info] i  functions: ensuring required API storage.googleapis.com is enabled... 
[debug] [2024-04-16T20:56:02.614Z] >>> [apiv2][query] GET https://serviceusage.googleapis.com/v1/projects/sage-pond-gen-ai/services/run.googleapis.com [none]
[debug] [2024-04-16T20:56:02.615Z] >>> [apiv2][(partial)header] GET https://serviceusage.googleapis.com/v1/projects/sage-pond-gen-ai/services/run.googleapis.com x-goog-quota-user=projects/sage-pond-gen-ai
[debug] [2024-04-16T20:56:02.621Z] >>> [apiv2][query] GET https://serviceusage.googleapis.com/v1/projects/sage-pond-gen-ai/services/eventarc.googleapis.com [none]
[debug] [2024-04-16T20:56:02.622Z] >>> [apiv2][(partial)header] GET https://serviceusage.googleapis.com/v1/projects/sage-pond-gen-ai/services/eventarc.googleapis.com x-goog-quota-user=projects/sage-pond-gen-ai
[debug] [2024-04-16T20:56:02.631Z] >>> [apiv2][query] GET https://serviceusage.googleapis.com/v1/projects/sage-pond-gen-ai/services/pubsub.googleapis.com [none]
[debug] [2024-04-16T20:56:02.631Z] >>> [apiv2][(partial)header] GET https://serviceusage.googleapis.com/v1/projects/sage-pond-gen-ai/services/pubsub.googleapis.com x-goog-quota-user=projects/sage-pond-gen-ai
[debug] [2024-04-16T20:56:02.637Z] >>> [apiv2][query] GET https://serviceusage.googleapis.com/v1/projects/sage-pond-gen-ai/services/storage.googleapis.com [none]
[debug] [2024-04-16T20:56:02.637Z] >>> [apiv2][(partial)header] GET https://serviceusage.googleapis.com/v1/projects/sage-pond-gen-ai/services/storage.googleapis.com x-goog-quota-user=projects/sage-pond-gen-ai
[debug] [2024-04-16T20:56:04.561Z] <<< [apiv2][status] GET https://serviceusage.googleapis.com/v1/projects/sage-pond-gen-ai/services/eventarc.googleapis.com 200
[debug] [2024-04-16T20:56:04.561Z] <<< [apiv2][body] GET https://serviceusage.googleapis.com/v1/projects/sage-pond-gen-ai/services/eventarc.googleapis.com [omitted]
[info] +  functions: required API eventarc.googleapis.com is enabled 
[debug] [2024-04-16T20:56:04.596Z] <<< [apiv2][status] GET https://serviceusage.googleapis.com/v1/projects/sage-pond-gen-ai/services/storage.googleapis.com 200
[debug] [2024-04-16T20:56:04.596Z] <<< [apiv2][body] GET https://serviceusage.googleapis.com/v1/projects/sage-pond-gen-ai/services/storage.googleapis.com [omitted]
[info] +  functions: required API storage.googleapis.com is enabled 
[debug] [2024-04-16T20:56:04.839Z] <<< [apiv2][status] GET https://serviceusage.googleapis.com/v1/projects/sage-pond-gen-ai/services/run.googleapis.com 200
[debug] [2024-04-16T20:56:04.840Z] <<< [apiv2][body] GET https://serviceusage.googleapis.com/v1/projects/sage-pond-gen-ai/services/run.googleapis.com [omitted]
[info] +  functions: required API run.googleapis.com is enabled 
[debug] [2024-04-16T20:56:04.907Z] <<< [apiv2][status] GET https://serviceusage.googleapis.com/v1/projects/sage-pond-gen-ai/services/pubsub.googleapis.com 200
[debug] [2024-04-16T20:56:04.907Z] <<< [apiv2][body] GET https://serviceusage.googleapis.com/v1/projects/sage-pond-gen-ai/services/pubsub.googleapis.com [omitted]
[info] +  functions: required API pubsub.googleapis.com is enabled 
[info] i  functions: generating the service identity for pubsub.googleapis.com... 
[info] i  functions: generating the service identity for eventarc.googleapis.com... 
[debug] [2024-04-16T20:56:04.917Z] >>> [apiv2][query] POST https://serviceusage.googleapis.com/v1beta1/projects/369426724601/services/pubsub.googleapis.com:generateServiceIdentity [none]
[debug] [2024-04-16T20:56:04.919Z] >>> [apiv2][query] POST https://serviceusage.googleapis.com/v1beta1/projects/369426724601/services/eventarc.googleapis.com:generateServiceIdentity [none]
[debug] [2024-04-16T20:56:06.625Z] <<< [apiv2][status] POST https://serviceusage.googleapis.com/v1beta1/projects/369426724601/services/eventarc.googleapis.com:generateServiceIdentity 200
[debug] [2024-04-16T20:56:06.625Z] <<< [apiv2][body] POST https://serviceusage.googleapis.com/v1beta1/projects/369426724601/services/eventarc.googleapis.com:generateServiceIdentity {"name":"operations/finished.DONE_OPERATION","done":true,"response":{"@type":"type.googleapis.com/google.api.serviceusage.v1beta1.ServiceIdentity","email":"service-369426724601@gcp-sa-eventarc.iam.gserviceaccount.com","uniqueId":"115676762800077329646"}}
[debug] [2024-04-16T20:56:06.684Z] <<< [apiv2][status] POST https://serviceusage.googleapis.com/v1beta1/projects/369426724601/services/pubsub.googleapis.com:generateServiceIdentity 200
[debug] [2024-04-16T20:56:06.685Z] <<< [apiv2][body] POST https://serviceusage.googleapis.com/v1beta1/projects/369426724601/services/pubsub.googleapis.com:generateServiceIdentity {"name":"operations/finished.DONE_OPERATION","done":true,"response":{"@type":"type.googleapis.com/google.api.serviceusage.v1beta1.ServiceIdentity","email":"service-369426724601@gcp-sa-pubsub.iam.gserviceaccount.com","uniqueId":"112600286145089309826"}}
[debug] [2024-04-16T20:56:06.692Z] >>> [apiv2][query] GET https://firebase.googleapis.com/v1beta1/projects/sage-pond-gen-ai [none]
[debug] [2024-04-16T20:56:07.494Z] <<< [apiv2][status] GET https://firebase.googleapis.com/v1beta1/projects/sage-pond-gen-ai 200
[debug] [2024-04-16T20:56:07.495Z] <<< [apiv2][body] GET https://firebase.googleapis.com/v1beta1/projects/sage-pond-gen-ai {"projectId":"sage-pond-gen-ai","projectNumber":"369426724601","displayName":"SAGE POND GEN AI","name":"projects/sage-pond-gen-ai","resources":{"hostingSite":"sage-pond-gen-ai","realtimeDatabaseInstance":"sage-pond-gen-ai-default-rtdb","locationId":"us-east4"},"state":"ACTIVE","etag":"1_caa95ad5-428e-4a12-bf57-e32e3ff9b157"}
[debug] [2024-04-16T20:56:07.501Z] >>> [apiv2][query] POST https://firebasehosting.googleapis.com/v1beta1/projects/-/sites/sage-pond-gen-ai/versions [none]
[debug] [2024-04-16T20:56:07.502Z] >>> [apiv2][body] POST https://firebasehosting.googleapis.com/v1beta1/projects/-/sites/sage-pond-gen-ai/versions {"status":"CREATED","labels":{"deployment-tool":"cli-firebase"}}
[debug] [2024-04-16T20:56:09.799Z] <<< [apiv2][status] POST https://firebasehosting.googleapis.com/v1beta1/projects/-/sites/sage-pond-gen-ai/versions 200
[debug] [2024-04-16T20:56:09.799Z] <<< [apiv2][body] POST https://firebasehosting.googleapis.com/v1beta1/projects/-/sites/sage-pond-gen-ai/versions {"name":"projects/369426724601/sites/sage-pond-gen-ai/versions/396de21fb6cc9f2a","status":"CREATED","config":{},"labels":{"deployment-tool":"cli-firebase"}}
[debug] [2024-04-16T20:56:09.803Z] >>> [apiv2][query] POST https://cloudfunctions.googleapis.com/v2/projects/sage-pond-gen-ai/locations/us-central1/functions:generateUploadUrl [none]
[debug] [2024-04-16T20:56:11.263Z] <<< [apiv2][status] POST https://cloudfunctions.googleapis.com/v2/projects/sage-pond-gen-ai/locations/us-central1/functions:generateUploadUrl 200
[debug] [2024-04-16T20:56:11.263Z] <<< [apiv2][body] POST https://cloudfunctions.googleapis.com/v2/projects/sage-pond-gen-ai/locations/us-central1/functions:generateUploadUrl {"uploadUrl":"https://storage.googleapis.com/gcf-v2-uploads-369426724601-us-central1/5bf5a460-7564-4d1e-b40d-30f337844e3a.zip?GoogleAccessId=service-369426724601@gcf-admin-robot.iam.gserviceaccount.com&Expires=1713302757&Signature=QD0lzbK%2F3sXxVuG25fiOZtK5LNJ6jzYVPqJU%2BNwciCDco%2FvFRTp%2FJWmbHvJWJ6CHTtijukYMRD3t1HrkO1ecjkC7p%2FA%2BpfTPF5jYinvlxLfZGYgHut5BbqCz2bC2Wybiicaz63cv%2BY9OoB%2FQtw0jtFWC4rEb03enDH1bUqra0FyJ7PHRm%2ByQXX0nqr8bB47gOzuQCpesrdFe0kc4HjzqSNf%2F9i7SgnjSDDaJKjkla4Rih4tHgoRyuGot1jKnzvtvYa3xBBCVHExbJulJjtmdyhdcy%2FoUCuAYxFuBaDnSSGTSkv5CsZe6hVqLek8yUi4L7blg6JHLEmVK1XzVd3Ts6A%3D%3D","storageSource":{"bucket":"gcf-v2-uploads-369426724601-us-central1","object":"5bf5a460-7564-4d1e-b40d-30f337844e3a.zip"}}
[debug] [2024-04-16T20:56:11.271Z] >>> [apiv2][query] PUT https://storage.googleapis.com/gcf-v2-uploads-369426724601-us-central1/5bf5a460-7564-4d1e-b40d-30f337844e3a.zip GoogleAccessId=service-369426724601%40gcf-admin-robot.iam.gserviceaccount.com&Expires=1713302757&Signature=QD0lzbK%2F3sXxVuG25fiOZtK5LNJ6jzYVPqJU%2BNwciCDco%2FvFRTp%2FJWmbHvJWJ6CHTtijukYMRD3t1HrkO1ecjkC7p%2FA%2BpfTPF5jYinvlxLfZGYgHut5BbqCz2bC2Wybiicaz63cv%2BY9OoB%2FQtw0jtFWC4rEb03enDH1bUqra0FyJ7PHRm%2ByQXX0nqr8bB47gOzuQCpesrdFe0kc4HjzqSNf%2F9i7SgnjSDDaJKjkla4Rih4tHgoRyuGot1jKnzvtvYa3xBBCVHExbJulJjtmdyhdcy%2FoUCuAYxFuBaDnSSGTSkv5CsZe6hVqLek8yUi4L7blg6JHLEmVK1XzVd3Ts6A%3D%3D
[debug] [2024-04-16T20:56:11.271Z] >>> [apiv2][body] PUT https://storage.googleapis.com/gcf-v2-uploads-369426724601-us-central1/5bf5a460-7564-4d1e-b40d-30f337844e3a.zip [stream]
[debug] [2024-04-16T20:56:13.999Z] <<< [apiv2][status] PUT https://storage.googleapis.com/gcf-v2-uploads-369426724601-us-central1/5bf5a460-7564-4d1e-b40d-30f337844e3a.zip 200
[debug] [2024-04-16T20:56:13.999Z] <<< [apiv2][body] PUT https://storage.googleapis.com/gcf-v2-uploads-369426724601-us-central1/5bf5a460-7564-4d1e-b40d-30f337844e3a.zip [omitted]
[info] +  functions: functions folder uploaded successfully 
[info] i  hosting[sage-pond-gen-ai]: beginning deploy... 
[info] i  hosting[sage-pond-gen-ai]: found 257 files in ./ 
[debug] [2024-04-16T20:56:14.352Z] [hosting] uploading with 200 concurrency
[debug] [2024-04-16T20:56:14.356Z] [hosting] hash cache [] not populated
[debug] [2024-04-16T20:56:17.077Z] [hosting] hash cache [] stored for 257 files
[debug] [2024-04-16T20:56:17.079Z] [hosting][hash queue][FINAL] {"max":2193,"min":104,"avg":251.9688715953307,"active":0,"complete":257,"success":257,"errored":0,"retried":0,"total":257,"elapsed":2719}
[debug] [2024-04-16T20:56:17.081Z] >>> [apiv2][query] POST https://firebasehosting.googleapis.com/v1beta1/projects/369426724601/sites/sage-pond-gen-ai/versions/396de21fb6cc9f2a:populateFiles [none]
[debug] [2024-04-16T20:56:17.081Z] >>> [apiv2][body] POST https://firebasehosting.googleapis.com/v1beta1/projects/369426724601/sites/sage-pond-gen-ai/versions/396de21fb6cc9f2a:populateFiles {"files":{"/.firebaserc":"788e35401e3af5f16a3d2970ab10ecc7041a5964fdd338f28a72d8a2c9adfbd5","/.gitignore":"fafc6732fb5a6cc46b2a950e576e7c03ff32123e3cbd801a3eca263e6b589293","/3.png":"3e8d9c152080434b397d30feea5de3bf3a388b2a6c17cae4afc502b36a5f6b87","/4.png":"cba8ea558f03f270163cb5d58c45598761b12b4e197b6b7f79159784756f3e31","/404.html":"762bf484ba67404bd1a3b181546ea28d60dfddf18e9dd4795d8d25bcf3c1a890","/arrow_back.svg":"1c690f0603f4d28b2eb26e8e14e4245de616c9b5791e1532977cf410c5b70014","/arrow_forward.svg":"012a6b354383144446449ff7d7be3da2c7019ba112029f37d3cc17aa268e27bf","/about.html":"facde354eb4bba96ae637eeb32e6fef17cdb4c829ffa7f17d36d44182342b037","/app.js":"f3131bd2c0560b9fea0776324b21aa6dd81470acb23169cb9de106476c9e96ef","/circle.svg":"a95044e0f8c1221565cb861757421507ac0110146d4860a4c92ce234aa3f9921","/chat.html":"18f729368a03b4bf37fbbadf65b9f61a84c1845878a19cd91a0b4933c7d18279","/chat.js":"f1592abb97c9fc20d3109e48c42ff6e68eacbbf8e3a7ca1efe5d2321b2e38773","/barba.umd.min.js":"860e2b36ea637cbe74559ef8c236175acb27ca78de0060b7b1a579f86b3b4035","/index.html":"e64502c45c4bca43879220996635c8ed295a4c4ba0fcc3047383bd8cf6f694d0","/login.html":"410c4459d170cbb729fdcf9cd72c61f7200679ec07a05a241f5e0410154afe9b","/login.js":"674c6d372ff23341754326d43aa8ce1371a9a7a6a6778ac4fd7f67977181215e","/logo.svg":"461e34fd1f5d0bb7a4d12f035673f29b164a5c739418f67d990a391a45bd281b","/package.json":"836f8c0ad674037bc2dffe37b3e745056706344f0c794a9f2c702109a85a7c0d","/OrbitControls.js":"40e35acfbf90fe177808553272fc9448d8123dd8b55e9902b615e113f65dda8f","/minigl.js":"45c516aa060765d00a7aed630486de36e4b50b78c7c50b91020854ed0dc56cbe","/server.js":"05733708531b02e5711323ca2160dc3ef0efa4d474d22ade6003c925906132b8","/signup.html":"4a3366f516d2f29270bbcae8233f693b717f4a257eced6366e83ffa8561c2329","/signup.js":"0d32e7672b45c1865e4e8e5445916c68395da593b83a8f546dfb72567b773e20","/webpack.config.js":"401ebe14f50cd78492a2efc1b1a514f77131bcf0279e7deb7509e19a85b4a3b5","/tailwind.config.js":"f5d8fb56c65d8f742789bafcb1206fcbf94d0996f284979c107096ee6a44451e","/.git/config":"5f898f7215cfad346551fe1c97b2b623581759369e097543248b3cc6be92d157","/.git/FETCH_HEAD":"cfb96abb261e1020fe4d3a06cb945eaa30e4308e81ad6f6e2da5591eb5db0588","/.git/index":"564affc7ea0f38602173d5fc148f33f82d01fd9fba3765200afdf1d64ff80945","/.git/HEAD":"23960fa2316fb1cd093c7920df1e9c864ee8c2d784908f7372cd5da920fc3d48","/.git/packed-refs":"cc1cda7d3de4e770bf7adf2bf88262ccd3455e8b2cc7a1e0f1721b4081d168a5","/style.css":"362f6d73617948b41239ba23367a3210358c724e645a46dec6ec3c2fffb39148","/.git/hooks/applypatch-msg.sample":"e989aeea500fde675ea8ee009c4cf25aae7abbf4dd02c15b04cb8c85404dbca3","/.git/description":"82406efccfbaa0195ef86e8c8aa8fc71d38fb93a6aa0fbd00d90629d3bbe2342","/.git/.MERGE_MSG.swp":"677107d57c6b221bcd9ebeead22f8c87121e8b36b149f3c4f4ea07c5dc3acc62","/.git/hooks/commit-msg.sample":"00ffdd1510ab6aa72447787ad1516c9bea8345a9cf6ac5345afb1f44aba07f6f","/.git/hooks/post-update.sample":"4545774e0eba6264d25197fec3cc1520bfd61d16bf6b417b7b1566460ebc28ec","/.git/hooks/pre-applypatch.sample":"efd041617b404639750884bd01917d80c6ec9917e3021e448a1386a237184a36","/.git/hooks/fsmonitor-watchman.sample":"c7efd67fa8de750df765a1cf18a7bdf6c2298ab4a4ab1eed2772a32e4fd9725d","/.git/hooks/pre-commit.sample":"0dc110f82f15687bb7daae0e09828a248ba74bacc4373b6c5e395fa1140853ef","/.git/hooks/pre-merge-commit.sample":"08d54483ffa10c472d4b5bf54e637a763a905f6909af1491ad4ca8a19241496c","/2.svg":"3c96f8859cddf947b2445cf315327f4613aa51147c287523f21122a0af5d9ce9","/.git/hooks/pre-receive.sample":"518430951f2c7182a5fc07191f43236719c64a5244e0ac82131ea92dbe4a2f67","/.git/hooks/pre-push.sample":"661c005b1ebf95bb520578d7421bf511e0d91ecac507fc1818ee60c2e3127f64","/.git/hooks/pre-rebase.sample":"4c12afd92c797d205ded918d4da7fff21f264e3347ccfe1f718df372100dea0e","/.git/ORIG_HEAD":"191f0ccf38d2cb94276e068f087251946796398b10bb930544a20b634ee64df5","/.git/COMMIT_EDITMSG":"c6bd8f006d31d4b7e985b93d08fbb13ce6df0d4841cd88dfcd3fcc122b3d0207","/TweenMax.min.js":"51266f962a555c5e242154abb39f5c49a6a924e92ff1f71e83b33512e8437f87","/.git/hooks/prepare-commit-msg.sample":"da47e5ee9571edfcb45598d9e1ed424dc30a87011c99c5d205015bbc8cfe16cc","/.git/hooks/push-to-checkout.sample":"b686f0c3faae36d5e3110bd8933f861039094c0a996e5c55c3a776a209ca119b","/.git/hooks/sendemail-validate.sample":"5179ae7bdd72e97e2d9cdbfcec1e72434f42f7f5748665239355f08badcbbee7","/.git/hooks/update.sample":"a022fa3ca5c3a9dffa3c09dc035866a2c4e6e935a372724aabba8dd6a5639fee","/.git/info/exclude":"994a83b0bd13a31e35114caf18e8b7fcff4253406797d657aa1d9ea64c7b721d","/.git/info/refs":"c81205ba9127816fd4294cdd77e9e7f66442c948fe22627738c9ab65aca8b736","/.git/logs/HEAD":"db36ecba813e027d6f5d51231f414fd0e7ba60a4c6d1865841d0cf348c3db054","/.git/logs/refs/heads/main":"db36ecba813e027d6f5d51231f414fd0e7ba60a4c6d1865841d0cf348c3db054","/.git/logs/refs/remotes/sage-pond-web/main":"8ba3bcfa7e40b22cd684a2d6b16c1954e4bcec536c1622351ccfaefe0640c83d","/.git/logs/refs/remotes/sage-pond-web/dependabot/npm_and_yarn/functions/multi-14bfe01ea5":"034002a09bf36f1136f41b517ab4198130facff14e0b321df80f65013da00190","/.git/logs/refs/remotes/sage-pond-web/dependabot/npm_and_yarn/functions/multi-a1e966211b":"ec2990b528df19bdad8159b4515566c18d73514f34987767d384ce0f50481b07","/.git/objects/00/b99848552243e3b8ed24663764b51ea99d5f1d":"a08dd90797614a157702b412972f37a61e11ed4bcb3c3469610aa073761b826d","/.git/objects/01/9b932f4414955e432576239ed823bee998ce18":"acf78cf2137607d6426009845badc519949fd3fa5ae687be0d27e4ea545dd048","/.git/objects/01/f46cabc1d91cc1ee1aba4190d0205a692be50d":"92b80051496f504e5953b73cb46c1e8b2b488857f6e6c5b32cac537962eccbb5","/.git/objects/02/47dae89a4b1da41b983bae59dea0777798b19e":"612aee69fb964ba7c80c963de9b97792646a5090430725b36b1c3ac5e505d068","/.git/objects/0b/be3c365eff248a0b7c5a17a7b308b4fc0d64d7":"fc142f9595fc9b4d1a72f1ba9cf4620d84d02eee0cdf47468ccfc4490bd33a56","/.git/objects/0f/76a439ac4fcee855ab79dcc656e781ffc1f999":"684b8a7d00e711a147418d36e96f97ead2e29d9826837c8be81620c8032f993b","/.git/objects/0d/c36a13081317a34fbfe3ab0ac03eac163885eb":"9502d4206ac6d856c59a3d8a851dc11e2536157d178acc15fb89f6bed237996c","/.git/objects/1a/c4ee55aea786bacdbd74c2bf2be5381e7b6580":"bc3fc229df5afec9a6f7fba90a5e4f8cb7291304a7ba326c418ebd628643d438","/.git/objects/20/7404befa1e0f216add96baf9f4f76eeadddde6":"0a84e477e89aa792b2109f3821d5528a13de1ec6d381a97d182dd9c2a6ce42c5","/.git/objects/24/56d0601bdb3348bf645164edcaeb7487cf28f9":"500a3b057d1738db2e65a10603ef8e3f80e6cbdd4da0e8b584135e60b5a0fed7","/.git/objects/21/c06ba25e5cf064f56216112438e8cbdd6ade22":"927d22b508a1e14d2864b1ddd9948a1e9a87b37e215fff3a644680002052d6b3","/.git/objects/2e/c30ec3fb7629133b454b7ed94bbc5f4544d0a1":"359747f321413cacf9582517ac78b3297586f23317267c5a7ca51f7d8b4a39f3","/.git/objects/0f/38f9a4b7f9c6db7599b37db93bf141937cf06d":"6b45307f76746b704bb99c32eb72162dfca9155ab2873b5a0880ceb3a563b61f","/.git/objects/27/9ee3f3ef46a0ab01aaf2938d69fef2810f270f":"f39e618b80f7c63e6df89d039c1213181ecd155e9d3d591736d68f047e957854","/.git/objects/2c/79e90f7c819254b2f4b8510924d6308f68c867":"bff731b6cf3302d6acbaf8ff63d18b0e51e81088b00bdd9ffe0b735e058d8ec3","/.git/objects/31/934d836ea6affb700c2759488a8318c11b54a1":"11a1e6b3dbbe066125c0d29b1878b3a9b55f7071fb40f89121d695931570e0d9","/.git/objects/2e/d210d2eea6c35d73a23b18f017a738935bb2de":"1622228ec29a1f838b8d32893f29ac4467d97d1260ca62b40cdf6b133c487f34","/.git/objects/34/44486b7fc61e22cd067ee9de11722b475472ff":"f8654617635fca37cf5138ec0ed8a80d1fb8dc76635d158022b498d44b16a7c0","/.git/objects/39/2196b984485e232f56380f9226bafbe0c6378e":"4f6a588ba5f9224b02832ef5c51ec05be4a21922c6f93aeb4fedf0330c20f734","/.git/objects/39/e4c152d85acaf96202e6d40ba21f469e416975":"1cee6fada49ad02beb063f1f5486e56d6970d9ef79bcb16011c340606b4f9f19","/.git/objects/3b/94aef79ccd169138ad443aaf749b98e191a225":"9ce10173f60dfb73399d4fc1d0b2c1f3dcb3698fea500fb4f4dd6eda3e5d83c2","/.git/objects/3c/57f45136f288b599aa37b02e83da452e1154dd":"c1a340ca3cb576e85c91fac592f4510a76a91a2e105a85af843b798582bbaf0c","/.git/objects/41/249bc87c113412c0306420f79ab9561547212a":"ec0a067ebcd1f33589aca97d639418ff60e8d63d3036ebfb5411d04f48e08ecd","/.git/objects/44/702db9633a13afda2e8c86e8beb711829f08c3":"e0a9827667b851c9f2fdf6c44b51608e3b473e1c3455a913ce26241999df805f","/.git/objects/45/ac78d7e134878bb2677ffc2ffa02e7bddb7456":"9514a2ddd72d2b963cf865a39d924e227fcc5a8e69c3894e0ca3ec3805bbd103","/.git/objects/46/63767ddc113ce6457e58ef319f87d1f748c300":"571a8ea7bd71730233b67f9f37298b07becfce01766e77bdc2cd794b3ecf9f78","/.git/objects/38/96508689ca5ce9f0e67747bfab00f0976b779a":"2eb36563a02f3ba0fb11cf0f6c718052687842a916507c0efc1471a0d3d833da","/.git/objects/4b/825dc642cb6eb9a060e54bf8d69288fbee4904":"1e61e0b2f6c8423512473c5c9567fb9994012422c0bb41de53920328ae24edd2","/.git/objects/4b/ddc8f0d77090c04c8643af4dcd315961b2939e":"6a6495d93deaaa94dde10438ad319d633a5700e9bc420b6f31c0b5749b8be0e8","/.git/objects/43/92543a7139c2588360eb11880233660d61711f":"413cd1cc91ea33af8f595330a2043b14b77db5d8d9820340a3fea046c0a3ef09","/.git/objects/55/521c1d91fa14430b6ad875f487aaefa829c5c8":"146bad296e02d62613ff488d8a6e1597deff205aed733333251c4fd76547e5fc","/lovelo.zip":"5cc64f7f82cd219ca7d0febabf9e861d8f3d7caa12d1df0d857a5e484a06c9b1","/.git/objects/14/b66588e31c326e6d68951aba4eafbbccf680da":"128a172c5929c74a3af074c8b65755a295c6267c0c7cc90d51c9ac4f1bde2632","/.git/objects/5b/87957d87c1d16f09ec7f2e7451cf59fc9ceb6f":"74193fde5d5b5bc12d93757f524300e984ba6ca59705649c90976941618f6fba","/.git/objects/60/282eaccdf307721f03f082c09b23eb7dfac68a":"acbe6d6745c3f075aad3397bf6c3066621b840dcd997e8310ddde2645970b420","/.git/objects/64/ff250a31a22fe49b766b1c8231a2e7d7453220":"2562b915d54a8486b146e466827641352eda0ede047ea6024afe38b23fccc383","/.git/objects/65/dd1985480ba4dad0a1ab78306b95c29edb061d":"167f82302513f9c6db1ccda5da540db0beb482e93baa263e93400464e6827e00","/.git/objects/6d/92a8f7e18ea6d6e5e35799741c2fb47070f825":"d0f1466f2b6edbbed1afb4355b4cad49399d8b10444e3960828f69b636bf2c83","/.git/objects/76/336420302fbfc9d437a17dfbae4124dbb8d5af":"7bd59fef6d6bbc5463f0365817a216333d3ffbfb69c28a582ede4c66cce92508","/.git/objects/7a/1ea4da0fe8f53366ce7c54d84c4f9b874af265":"de2fc6aebfcfd11aa623ea26e6baafdfb39a05f81b68f139105a7b96a994d389","/.git/objects/83/0b9e17444d8ce90c5e1a3cd9654b32f8b83d5e":"0cdcfca31b7adcedd0ca552b952f24ea6c77201f84490ba07ec1d3574b8e6804","/.git/objects/84/675167e9a2ad5ba9f48e4ff3a1ba59908b33cb":"e5aaf8ab058c957cd2d9619f8cf999ba5c14e2afb0d8f3ef786b02da4091be34","/.git/objects/84/e4d2f94a84252f835eba73a55f28cd38c318e3":"11c29adc7c7805440f219d2c90ca561117c5b326ff0bf3ffc0c48773f2c0ad48","/.git/objects/8b/8a422ca806ee00555c17b4602fc9153b211551":"28c7d167975d504a9bd33f562df022c6f8231a199506bb0d250e88837004eb53","/.git/objects/8f/78d52ab8aa3f22a36da31599031dbc47031726":"7fcff04bd507de61fd5f664135ac8d59089178e3944554b2bc116052cffaa714","/.git/objects/8f/bd03916e05227a9dd79fd47b998c41265e9f45":"2af4ffe13ff1de58dd402d02a81c4a721c755b2c57c5971603945699eb94e97f","/.git/objects/90/abc63f5dbfb3e94032d539bb4d1f72ed021631":"3fba3c93ad82631d26104f376033c2d36ee56f9e10d81eec49a454586e54078d","/.git/objects/93/428510e6ee3da3a96a8e7b5c1625faa6bf1fab":"a04a54d8e800041c29d4a24d46ad18fdd5b5ae0f7bef37650e4a48f44a90b084","/.git/objects/98/522a217c87e65024ef610223315a4ad12fbc69":"d9d266d6fc5537c1713cb347629ed56915af9f9161188c17e497dc002bd9a7ac","/.git/objects/9c/5592da30bf8a7bd66c9426f887c133844e0ddb":"6bfea978fbe20c87e1740db0b2367eb62065d6335b59799a6de4ffc218badd76","/.git/objects/9c/dd1917b8475c875ddf451940c3855fe2eba14f":"39bf757c0da70c14ceeb1c0b5544db00b3e2f65287e3f59bfc4f629e23d974b4","/.git/objects/b0/ecf407f2ab59474a74648300d875db364a71bc":"7321591998563419fcff019a17d95d6e56b31052c247326fc0f97ea1edd36d28","/.git/objects/ac/1c7b3fd3e8c78e1da6714380d4914a87f1d023":"1bf35cc1976da12ed83842224c29b38165b5b8fc0f00281091a365a2712b891d","/.git/objects/b4/fdfbdcc5a0e2f6158bf6d493e631b57b6e396a":"ce1c5fdbe680dc91350392510381427c6dc9e87510f9feab2cc0991f17b24e9e","/.git/objects/ba/2a9195f10ecc08b6ef0b902ac1912167f9aa22":"ebbfda7f7375c9a5bf59f521e4ff2cdb83491bb7c6d4c53045a796471173daa6","/.git/objects/bf/e655ecebee945bae56e9fdc7f309be1bebd192":"9cca2a8ba8879b4b8467871843244dcab05b6de2250a6daf0ee86baf133f7d21","/.git/objects/c1/30107739e6acaafb973bad1432ea859a9e7bfe":"88a0d385dd96c0296fd3a40eca49903881522b03f5177266d3b39383eb826470","/.git/objects/d4/13bbae4b88688e2cc0d40b55d2386d60c07ffb":"28af6cf186a35a4b048e4d32ac452f1bc2c6d20fd09ca352f74c45a3f33643a5","/.git/objects/da/4fca86e789e82a9d048c895c0c2e9da72eb01a":"d4d1879355da9c07f36bde17fc8638df65d2e8a2049804c73e64eec299f1f786","/.git/objects/db/46bdd46b4a1add392325c6cbffe2fe0648630c":"65e324f230d94e01b6163c82cfae2c0c5eb0d891be0b97af40c27bc908a10149","/.git/objects/d2/0feb6199c501e2fb1900b4fe1b26145496b347":"14f3c8d804aab17550edf4d63d08b445adeb539be52d60f35c7184a6e743cb5b","/.git/objects/dc/0e00e1d1740482bc3d196c6d79678fcc78bf86":"3423435ab48fda868738b5f752827159b3cef2342e71148ea70ddfe0357107ca","/.git/objects/de/e3dc830c228e71df5cdfdfd80806fd1371bc23":"e6cd287b76e91497be6a71ce5cd526f791827f08188650213d5efa004a962093","/.git/objects/61/8e2ced0bb4eaf3da5d373d52f7f64a3edffffa":"74c9b18ef05734da4d644b3161fc5623f5127410836762c0bce3336998c5318d","/.git/objects/cd/6de8fc2ac71fc9dd9802ceb26d9ee5aafa7325":"eac9eeb580a8e7e52b355e426a5d84fc56d6894d0d9459ce55234df250ba38c2","/.git/objects/e2/295f6b06a79f0021450b5fb3376e18d0a3edc6":"ed3a3b350a1409714a95e0e25be9503fe9a76c95ff592cc5527cf4e0282f7b25","/.git/objects/df/cefa094e04dbc08ac4c223b2e06cb3b20d2a4a":"dcb4b7219575cffb1bf8bcee2499f9a44c85ca25ce3ee963bc66a7fa8cf997f8","/.git/objects/e4/d63099a1b373cffd9445ab9edbaba867404404":"aaeed6d8a1a5df7af432d1ee6b23aa77cbeeedb989f9128c508a3fd30306d0c1","/.git/objects/e5/b6821fc7d814d735e7ce448cf3881fd5d6ecca":"9e80473baaca6747f7af279773fd218a4530d81ec728f635de2395e37b0813f2","/.git/objects/06/8841007494480cada6456f03a5728afd74ea07":"e925ee51960910c902173ae9eac5fdd46b21f5f29136332f63829e7d3834e43d","/.git/objects/e1/a1dcf85ebe626c0ae871efae0cf21c780198dd":"afd37a810044abbbd7f6edb5e1ba812c229688296a2199df6f87d7ad12f6e8df","/.git/objects/e2/fbc9d8af2fe6bdaf3873bffd653f7a98e74e70":"dc721b8e9a0d4de3a0e48e924837bafa82a5f8f86cd8ea2c2896c77c42b3ab70","/.git/objects/e1/8704a47afef9a686016534e38daa7b86356b5c":"669c45202426b06a9c6fc619013c35de7e674cd13ee27f5c10103a2e8f88c3a4","/.git/objects/e8/5225086ea795288fbcce97aeb79d40fef8526a":"9c76acf20a0d0f11fbdb8d4bb7ace04332ed1c0c348f8670a2909860f179227e","/.git/objects/ed/5156d239236bf180b8935b6889373cea37ec9d":"b655573264a1a2cffcf5069bce3a19d6ae1228049d8d1fd1e94e0a9e3fefb88b","/.git/objects/b0/6c69c3e552d2f9b22bf8b0c8c754381ac43a46":"3359782c04b04df8b83742c7b4f5a97e81c37d3f76ead34579043db7dfea9764","/.git/objects/f0/66d8bf6cb6e3a872640098820721eb5f20e44b":"3e3779b631a63a39f2e2fb62a718212f0dfa6e0431a1a2f3fc764c2a968421a1","/.git/objects/ef/d693afa8496814fa83990cf45732a5f48413f3":"9c3e7c2455201e21be455bc5fa1a0d9a0526d5bf66691f1fe86d998bf52ccce6","/package-lock.json":"bfe725cc4ff941e65607d10771c219cafea44156b357312b7e78540f4e0136d0","/.git/objects/f0/fd1aaca7a3f5baa858e11675460d509e4cadc3":"04df5f589da758ce0f76dcc1ca4e374060c133724f0d4e142630101369633e93","/.git/objects/f4/37d5312a0409b7cc721ccba70c2f210413a016":"e17d9f4946dd6cf6745fcc243bdc6e853c133f7fe63c58277897d1b96c0b1cfd","/.git/objects/fd/36f93cd7bd7551b406b4f68d0793f3a614717f":"5f3d346ff47833fadaafb4a626a76618f02a77a4973c7c1648f19243026edb5e","/.git/objects/info/packs":"00f618eaacea818b055c044cb5294433cf7be4abc50ac1b5be15f96fa6ad79d2","/.git/objects/fd/96eb5747baf716d48029d714a517c9074d25c5":"2c2a5e8783de6b8f13f5fc295d2f3e0db7e3c3b745e41b687793db5108cfcf66","/.git/objects/pack/pack-52c126cf99855ce68d0b768707ea9f4c3046f570.idx":"23e24ca9a0fc32250739931e0226ef292871a4861fdbe637367f01ccfc2c4efe","/.git/refs/heads/main":"3a4bd81c642e3206e11e62ddfe5db39b3fdd546833f050b46822b07deb20bf46","/.git/objects/pack/pack-52c126cf99855ce68d0b768707ea9f4c3046f570.rev":"444c23219c215e767168d72db3cff4a9b26d257aebfce726182e6000c3bca36e","/.git/refs/remotes/sage-pond-web/main":"3a4bd81c642e3206e11e62ddfe5db39b3fdd546833f050b46822b07deb20bf46","/.git/refs/remotes/sage-pond-web/dependabot/npm_and_yarn/functions/multi-14bfe01ea5":"5ac5d4f52c348e61fc6d5fb29a36a81ef1b504979047b26fbfed5fba71c7a15d","/.git/refs/remotes/sage-pond-web/dependabot/npm_and_yarn/functions/multi-a1e966211b":"a7bff8c04bfe11a16570914d6ef2fd975bc6c17d4a89346a31a13de3a16ba917","/.github/workflows/firebase-hosting-pull-request.yml":"a0ff8fb8e8617637d2e786244ca9caef245c100655e9c8df7ff6bf35ba58dfe6","/.idea/.gitignore":"0fcca5046b2fb1c2f887eb30f7c2b67afa9e40a01f7168c0fbe11289a7783d6b","/.idea/modules.xml":"65b96a3a16b08f4baedfa004ea2cf02b1184d370c919adfb443fe0e0ac85b71c","/.idea/Pydroid3.iml":"2a9738560751866c3cee513f3790acb1c7ceed3fe3307da69abed4c32655e713","/.idea/inspectionProfiles/profiles_settings.xml":"4dc959862c4375623d81db5b832ed18392fb71ed9ac1d69f06a9902ecd7c4825","/.idea/workspace.xml":"ba748c6824c2c457408eb8c5079a1f0b9b782c77ed5a89427a45fee2a3cae47e","/.idea/misc.xml":"5e439f065ad36b137764157f81d6a502276447727ec9c2cf24da273c23dfcc76","/css/chat/main.css":"5406526cf6a5acf007ebe208c78914ca022577f376a4eae31f76d83d8b4909f5","/css/chat/style.css":"78ab6fcb2c166e473754fd7a2c18e8bce5ff11d4a1f967747550b783250ef2cc","/css/main.css":"43288328f6b472b04464667eaf3fa014b6cd00e154d1536d08d3ce30c3a096a7","/css/Poppins/OFL.txt":"3601c24f798a2573aabf16ba804ccee5b179a3e65e6d307c242d405455b1b5dd","/.git/objects/47/e3fdaac1ee8eeb9f34573757f86c705ce4555f":"eaaae94699cbd380865abda7c5cd109f983c7730c09eb09cfc7dfbba37cd6e63","/chat/css/main.css":"18c2fbf6a3664cdb4407ac019f843557c06039550335426edcd3083af0e43c3a","/.git/objects/bb/b8a7e9993e4e2bcc5614fcf08529833efcf93c":"923b6c92a5f6a13f6263dd5abdf7f8c1bbfa43eceacd928858e33898946bf6e8","/.git/objects/be/4b34571e79887bfbabf798563af7af43b98dc7":"41086f6381b5e663756ce1e9703a6aae59e1285c1d709b8d8d74cf69fa1689fb","/files/lines.json":"8c201a84a7be9098659027b160f2d2c9245decf082a9904a937402d9bc116741","/files/map.json":"361f01de8675ef6c47f5291a8f5e0d8cfebecd6164f54f58993ed633d1d26e29","/functions/.gitignore":"8a21935869f27b233164bd82cd4b0b595bbf09e6e7e85f51aa307953c89034af","/functions/index.js":"38102a1477bf5256a9547c34912ec32a646d9105c8dac6fb92eef8f3d9c6ce11","/functions/package.json":"ee99de483dfcae8bae9c3a1d233f238dc76fc9a59bee1271e0f7d261692d5055","/gsap-public/gsap-public/minified/.DS_Store":"9cf289439815f186b6a5ce98a37c71efeb3bd6fb90f5bc735c34afd9654a3fe8","/gsap-public/gsap-public/minified/CSSRulePlugin.min.js":"d9683548be1677732d364328a762e83a7dc06a45e79234facb48b4544bf14821","/gsap-public/gsap-public/minified/CSSRulePlugin.min.js.map":"aa38bd98f20b309083d2d7cc618cecf22e0d39497b9231405c905d71e4305f1e","/gsap-public/gsap-public/minified/CustomEase.min.js":"f24523ac2b836707ab6a17f514209b81be1cc8edb49135cfbadf13f0bcf694cb","/gsap-public/gsap-public/minified/Draggable.min.js":"a54ce883b8edb00b5dbd5c9650dbf2eca9a370b311c148970597a962a0806097","/gsap-public/gsap-public/minified/EaselPlugin.min.js":"e529176d5e773cf1fd864e45444001c8bcfdbf1df7e24fb652bdce5122f865e3","/gsap-public/gsap-public/minified/EaselPlugin.min.js.map":"32c49b9ae787543dac0960394aed16000e9db89f52ad7bc29c1ee4648ad70bb2","/gsap-public/gsap-public/minified/EasePack.min.js":"c5fea86450bdbd4f9ea52de3500dcdd29f5522b451a51518d0ec291c7dbc07c8","/gsap-public/gsap-public/minified/Flip.min.js":"6e2722e056d4100bc22d8ff47dc138d13457739d65687c8bcdfb54c3d08bc24f","/gsap-public/gsap-public/minified/EasePack.min.js.map":"93d80d9146da8755065fcdc74a886ef64e819c355ef89ef52ee55898baa4e0be","/gsap-public/gsap-public/minified/MotionPathPlugin.min.js":"dfe6bd2fe5152407869b13c4ed3561a0c679923a52ad2f193f6eb1589b7c2700","/3-cropped.svg":"8cb62c7bb8212975306867266be8853236237702adc8bbea86c86ec321d5c8d5","/gsap-public/gsap-public/minified/Observer.min.js":"8749da9875aae4a56c651686409d55eef5f10f2841ba38f2cea956084e529dd0","/gsap-public/gsap-public/minified/Observer.min.js.map":"f2ff5580c87f242c49eb297f2fb816aebd9c18b23b26567e371155ebef5950d6","/gsap-public/gsap-public/minified/CustomEase.min.js.map":"d6f1ad81e4cd308a673b20d686ecc091679909c2a3f718a7b4b70d8f1d30c75f","/css/Poppins-Regular.ttf":"ce272e824ed12d7289fe12490a45cb8eb28abf1a44c15854d45ed856db20e3d8","/css/Poppins-Bold.ttf":"90ba793723eba6bc346eb0efdad14437fb0895e03a35e7daaee3c115078c9ca8","/css/chat/Poppins-Regular.ttf":"ce272e824ed12d7289fe12490a45cb8eb28abf1a44c15854d45ed856db20e3d8","/gsap-public/gsap-public/minified/Flip.min.js.map":"58bea0dbe31f8e3f9b88fcb06390072bb5a16ef58c11b3c568a5fb259d97669c","/gsap-public/gsap-public/minified/gsap.min.js":"c46191fb5ce44a502c97f51b529b1601117f53a51a6deedfe1b378732f41bfcc","/css/Poppins/Poppins-Black.ttf":"2be3c0ade31c4f7523f3a159c860353099d4700a2b69707fe9ce29187e6d346f","/css/Poppins/Poppins-BlackItalic.ttf":"0b40cec37bbba448cbf6e2b7ffad884f0e52ca321d20de72ea28d741548e2848","/css/Poppins/Poppins-Bold.ttf":"90ba793723eba6bc346eb0efdad14437fb0895e03a35e7daaee3c115078c9ca8","/css/Poppins/Poppins-ExtraBold.ttf":"58667e07ba5a436e3428e3471bab4ab9a9f380683fd778c9d77f05fd053d6bd9","/css/Poppins/Poppins-BoldItalic.ttf":"d738118685492f4f4f4ae7dfd67881cf49a611e3ae09de567a218497a3e321e7","/css/Poppins/Poppins-ExtraLight.ttf":"a0b6b8e10f3682ce35f42fa20f2792fa02dea895c1a39b1c32752801ff21ade6","/css/Poppins/Poppins-Light.ttf":"e41ea3655032cf4c30ab74b93f6ac456e0cc69d7ba98f0fb0909bfa35e745358","/css/Poppins/Poppins-Medium.ttf":"6dae6f7c0b2b39840168ba4967d51d1fac9fb7af0563ae2a72dfcc3f25d0513d","/css/Poppins/Poppins-MediumItalic.ttf":"75a20ee01566cb4d1dada712cdb38c0a3eac09fbb73e357b7d0091bbf7f8723a","/gsap-public/gsap-public/minified/PixiPlugin.min.js":"5e741aedc53df37c860bd40c16a56587983c9fb7f3afefcd4c77bd423d5f0640","/gsap-public/gsap-public/minified/ScrollToPlugin.min.js":"8db58ae48c4b4ca3d8ca755e49bf46a5cb3f94ff62ad8af31847db47cd75d637","/gsap-public/gsap-public/minified/PixiPlugin.min.js.map":"9d9e66d240e13371f0701a6f8a53c8e06e6be985160c585efd006554e128b475","/gsap-public/gsap-public/minified/ScrollToPlugin.min.js.map":"fd8901f90b78dd45fa7a59db082bb811e7f4e0746e69c5933224f4d761cd98b4","/css/Poppins/Poppins-ExtraBoldItalic.ttf":"fc9b18c0b15a6f47896f171cc719a1dc9aff4ffbc53ae1e019afda988be8dcae","/gsap-public/gsap-public/minified/TextPlugin.min.js":"84170bba983b01ecd64da6925799d22dee1c78fbf78d3bf7fe6073d0a8c3fee3","/gsap-public/gsap-public/minified/TextPlugin.min.js.map":"c2b432ab9f855078d89dd002f934e2d5de48df10c06103bee6d5cddeaa4ddb26","/images/github.svg":"901377ff0e4d9db55fd2a9c29505b0f2e0988ef08b632a3a73e9d494fd22d2e0","/css/Poppins/Poppins-Regular.ttf":"ce272e824ed12d7289fe12490a45cb8eb28abf1a44c15854d45ed856db20e3d8","/css/Poppins/Poppins-ExtraLightItalic.ttf":"bcbcb3faee9fb4e0fcd1cd339615277720ffb93ebef2e7d85b04363d96a20a6e","/css/Poppins/Poppins-SemiBold.ttf":"225c7a74b41228b44e3cde5fd7bcc3b236b9aa7ffc60f29b0a2c618fc1e9f492","/css/Poppins/Poppins-LightItalic.ttf":"c3b71ad098db03660ba2ddf1a186f37ddc90dd6f90630e8eb3f5142770c5d676","/images/linkedin.svg":"a3e0fa338d9298e82c113482cd9170b55d714dd265a624f377644ab2eb9edbd7","/css/Poppins/Poppins-Italic.ttf":"bc0aab5bec8063efbd4a88194e1c8137fc19b562c39c2b895deb60188474c1ca","/gsap-public/gsap-public/minified/ScrollTrigger.min.js":"cbab8a12a8a71f3dff420b44b286f058c24e4fdd10241aa16cb2c53f44e54174","/css/Poppins/Poppins-Thin.ttf":"2035c592d1c8d09c260dacf748e0165571d2d233222cc58b9b82567b4f2b73b8","/css/Poppins/Poppins-SemiBoldItalic.ttf":"0871a9c832803efd5b5626740a19d5478c8d728411af0c835ac6c59a59962b43","/gsap-public/gsap-public/minified/Draggable.min.js.map":"fd9b3285faeba16e17006ac5ca7c6e92975b8cf0fda8b1563897d1b90ec8c907","/gsap-public/gsap-public/minified/MotionPathPlugin.min.js.map":"bd81a743f0888d8fdb9af0e7b13c75d6a6f3bfc8bddb2619c9e6ddce04a60b86","/css/Poppins/Poppins-ThinItalic.ttf":"5aaad3b7c9f50c9428a34b0402450a5bc901e53e1b731dbba389dd3682e65465","/images/loadeer.svg":"d495ac7e6406f44ef9e3a22f852e447fe2e39bd7f74092d25e59b50c781f318b","/images/jeremy.jpg":"8ecf43704fe7db02400421353247ebef334e43fc82113c0c2d9330374a312bc5","/minijl/demo.html":"5ec585abe8a5ce46a094fad48fa968802a65fb2897154bfa5cc04875f8b7c220","/minijl/minigl.js":"9210ecd5e80537a0ecc0374641ce4576f18c5323682e889694b625dc723c79e1","/functions/package-lock.json":"98e18dcec192bba76762915537ec6fcdbc1b3292f00a5a23d000676223d75dcb","/minijl/package.json":"0a94c2a4a5fb7f0c70c2feaa6db929414af3ad95ac0e66ce6ae5c1e63b11302d","/minijl/README.md":"718497407519ab8d35cf6bada2efd1c98aa61a2e11897dcf5ddac4cd2953a802","/minijl/webpack.config.js":"0c6b38a547cdf2d64e0c96726fd5920f8e44ac9a98b33e23b9284c7d44fc358a","/lovelo/Lovelo Black.otf":"a403df8a50953f5c246906655693aad671f6006eccb542a983d9f04e95724eff","/minijl/src/demo.js":"6df318ef04cc0ab9991096df9b7a3390968f93c87933e490428cd2c59f9091b2","/lovelo/Lovelo Line Bold.otf":"3b67685a132f69a1a69985f2d09dbdda01211a1cf71b6a79698fa552c842c125","/minijl/src/multi-xhr.js":"7fee62efa14b195e37f3adc890b6236d42832c9c249958f6751826016289120e","/minijl/src/vendor/gl-matrix/common.js":"ddbc94f4c9d684f94c7c939021a2cc541fcbb5421ee791caf4fb7a9a9eeeeeee","/minijl/webgl_demo/models_webgl/model_chest.json":"98f31c9c13df5bee0cf24b2efc20b13e28c23f42f68e7805e1c361e893d47cb3","/minijl/webgl_demo/models_webgl/model_drawer.json":"37788bc0e805c26ee76ed603cbeefa1dd72c76b5c0333081a305d32abefdd42e","/minijl/src/minigl.js":"9210ecd5e80537a0ecc0374641ce4576f18c5323682e889694b625dc723c79e1","/lovelo/Lovelo Line Light.otf":"d137928814b18406517f231043a5e4ecd6e26c9e065a837fe50db90415a295ae","/minijl/webgl_demo/models_webgl/model_drawers_fixed.json":"f5bb815d131df3daaca87250bca5f86b8e631584485d5f455fd08f428ba49a1d","/minijl/webgl_demo/script_webgl/fragment.gl":"d59a3ccf549a7a142d6362c9eb9fe2b10df758e1f216aca0cf66871909538179","/minijl/webgl_demo/script_webgl/vertex.gl":"29a668db5f92911e56b91b09c93c9aeb05510f9f58803e0fe0c2bb7258bb7263","/minijl/webgl_demo/styles/main.css":"45540276b5fb398e8b3b4ba60575354e30c53076323dace496355d3dd10e2e1e","/sage-functions/.gitignore":"8a21935869f27b233164bd82cd4b0b595bbf09e6e7e85f51aa307953c89034af","/sage-functions/index.js":"4fbf1117140d72277a21bada9db7164c58b36a26e54b7536450540afa8054849","/sage-functions/package.json":"6e11138294c810ab407a26e770800c92f1c17c51ad3312b41699dc27fb6f2c8f","/minijl/webgl_demo/textures_webgl/texture_drawer.png":"492efc1a372779e5926078d7c1800fd7a731bc083c03b6750ed6f30da5b128ae","/minijl/src/vendor/gl-matrix/mat4.js":"29eb6d942c29d5029b4a483eeefbf11d0720680f91133ba09da7ba6666251052","/minijl/webgl_demo/textures_webgl/texture_drawers_fixed.png":"e2893e912d21cd0f66d90c5444c4462cdff195f00dcf114bf75a39b5a96648c9","/lovelo/EULA Free Font License Ver. 2.0.pdf":"60f883750fb87ebdb87317efa9780c0d623cde607d3155ecfa45527c48f6186b","/minijl/screenshot.png":"8a8f2f032c340ccaa21e6c74c727a8948cf80e3836eb569a44a9cdd795126032","/three/utils.js":"3952c5510af1e3935fab29b0ed5ccdd137605bd99a1decadfe0b632a27834291","/images/ivan.jpg":"a20aa17ccad44fc16af820b8e59b1787e17a706bd85cb356c04d7c1a6b0905f9","/minijl/webgl_demo/textures_webgl/texture_chest.png":"44ada8b159cdb868b4308d02ff44b3e15c573b97e0006ede0168298db410c103","/images/caleb.jpg":"4ebc78aa777c9daaec90b442994a68ca2eaea5e4b8c2f64f929c0021d878666c","/gsap-public/gsap-public/minified/ScrollTrigger.min.js.map":"42d26425975d9bd21f6f33f72e0e33df80fb7b7e627f887f54c053b028307315","/.git/objects/0a/6e9fe2253dd48e568ef41e7fbc805dd4342945":"4d0de9a7bc93027562b0b407f7dfdbacf3b03b5814fcbabbcae1c579bbd6713c","/images/ian.jpg":"19bc19652a31fb773c64d70ef85fe928fb2cc30072809dde444c25a4210fb9e1","/gsap-public/gsap-public/minified/gsap.min.js.map":"f7b4841469123aad507131aab7af30a9e6fec3210640bb4c8a06020016f7fcd9","/three/three.min.js":"4abcdabe7c4f5f81336862957fc80a13bb1ef49f46b16b481dd771534779f722","/files/custom.geo.json":"89340dd0f3317bc006f632003709db59ebb0f8f0a05dfe926710dbc2c26ed725","/.git/objects/pack/pack-52c126cf99855ce68d0b768707ea9f4c3046f570.pack":"fe81839244208057427917a33e7d30eda4699694778706f6d8c176f90e7f149e"}}
[debug] [2024-04-16T20:56:19.515Z] <<< [apiv2][status] POST https://firebasehosting.googleapis.com/v1beta1/projects/369426724601/sites/sage-pond-gen-ai/versions/396de21fb6cc9f2a:populateFiles 200
[debug] [2024-04-16T20:56:19.516Z] <<< [apiv2][body] POST https://firebasehosting.googleapis.com/v1beta1/projects/369426724601/sites/sage-pond-gen-ai/versions/396de21fb6cc9f2a:populateFiles {"uploadRequiredHashes":["38102a1477bf5256a9547c34912ec32a646d9105c8dac6fb92eef8f3d9c6ce11"],"uploadUrl":"https://upload-firebasehosting.googleapis.com/upload/sites/sage-pond-gen-ai/versions/396de21fb6cc9f2a/files"}
[debug] [2024-04-16T20:56:19.519Z] >>> [apiv2][query] POST https://upload-firebasehosting.googleapis.com/upload/sites/sage-pond-gen-ai/versions/396de21fb6cc9f2a/files/38102a1477bf5256a9547c34912ec32a646d9105c8dac6fb92eef8f3d9c6ce11 [none]
[debug] [2024-04-16T20:56:19.519Z] >>> [apiv2][body] POST https://upload-firebasehosting.googleapis.com/upload/sites/sage-pond-gen-ai/versions/396de21fb6cc9f2a/files/38102a1477bf5256a9547c34912ec32a646d9105c8dac6fb92eef8f3d9c6ce11 [stream]
[debug] [2024-04-16T20:56:19.523Z] [hosting][populate queue][FINAL] {"max":2449,"min":2449,"avg":2449,"active":0,"complete":1,"success":1,"errored":0,"retried":0,"total":1,"elapsed":2454}
[debug] [2024-04-16T20:56:19.523Z] [hosting] uploads queued: 1
[debug] [2024-04-16T20:56:21.112Z] <<< [apiv2][status] POST https://upload-firebasehosting.googleapis.com/upload/sites/sage-pond-gen-ai/versions/396de21fb6cc9f2a/files/38102a1477bf5256a9547c34912ec32a646d9105c8dac6fb92eef8f3d9c6ce11 200
[debug] [2024-04-16T20:56:21.112Z] <<< [apiv2][body] POST https://upload-firebasehosting.googleapis.com/upload/sites/sage-pond-gen-ai/versions/396de21fb6cc9f2a/files/38102a1477bf5256a9547c34912ec32a646d9105c8dac6fb92eef8f3d9c6ce11 [stream]
[debug] [2024-04-16T20:56:21.113Z] [hosting][upload queue][FINAL] {"max":1595,"min":1595,"avg":1595,"active":0,"complete":1,"success":1,"errored":0,"retried":0,"total":1,"elapsed":1596}
[info] +  hosting[sage-pond-gen-ai]: file upload complete 
[debug] [2024-04-16T20:56:21.118Z] [hosting] deploy completed after 7110ms
[info] i  functions: updating Node.js 18 (2nd Gen) function app(us-central1)... 
[debug] [2024-04-16T20:56:21.138Z] >>> [apiv2][query] PATCH https://cloudfunctions.googleapis.com/v2/projects/sage-pond-gen-ai/locations/us-central1/functions/app updateMask=name%2CbuildConfig.runtime%2CbuildConfig.entryPoint%2CbuildConfig.source.storageSource.bucket%2CbuildConfig.source.storageSource.object%2CbuildConfig.environmentVariables%2CbuildConfig.sourceToken%2CserviceConfig.environmentVariables%2CserviceConfig.ingressSettings%2CserviceConfig.timeoutSeconds%2CserviceConfig.serviceAccountEmail%2CserviceConfig.availableMemory%2CserviceConfig.minInstanceCount%2CserviceConfig.maxInstanceCount%2CserviceConfig.maxInstanceRequestConcurrency%2CserviceConfig.availableCpu%2CserviceConfig.vpcConnector%2CserviceConfig.vpcConnectorEgressSettings%2Clabels%2CbuildConfig.buildEnvironmentVariables
[debug] [2024-04-16T20:56:21.139Z] >>> [apiv2][body] PATCH https://cloudfunctions.googleapis.com/v2/projects/sage-pond-gen-ai/locations/us-central1/functions/app {"name":"projects/sage-pond-gen-ai/locations/us-central1/functions/app","buildConfig":{"runtime":"nodejs18","entryPoint":"app","source":{"storageSource":{"bucket":"gcf-v2-uploads-369426724601-us-central1","object":"5bf5a460-7564-4d1e-b40d-30f337844e3a.zip"}},"environmentVariables":{"GOOGLE_NODE_RUN_SCRIPTS":""}},"serviceConfig":{"environmentVariables":{"FIREBASE_CONFIG":"{\"projectId\":\"sage-pond-gen-ai\",\"databaseURL\":\"https://sage-pond-gen-ai-default-rtdb.firebaseio.com\",\"storageBucket\":\"sage-pond-gen-ai.appspot.com\",\"locationId\":\"us-east4\"}","GCLOUD_PROJECT":"sage-pond-gen-ai","EVENTARC_CLOUD_EVENT_SOURCE":"projects/sage-pond-gen-ai/locations/us-central1/services/app","FUNCTION_TARGET":"app"},"ingressSettings":null,"timeoutSeconds":null,"serviceAccountEmail":null,"availableMemory":"256Mi","minInstanceCount":null,"maxInstanceCount":null,"maxInstanceRequestConcurrency":80,"availableCpu":"1","vpcConnector":null,"vpcConnectorEgressSettings":null},"labels":{"deployment-tool":"cli-firebase","firebase-functions-hash":"0996e90f2721e83382cdf447d351b745423a7668"}}
[debug] [2024-04-16T20:56:23.209Z] <<< [apiv2][status] PATCH https://cloudfunctions.googleapis.com/v2/projects/sage-pond-gen-ai/locations/us-central1/functions/app 200
[debug] [2024-04-16T20:56:23.210Z] <<< [apiv2][body] PATCH https://cloudfunctions.googleapis.com/v2/projects/sage-pond-gen-ai/locations/us-central1/functions/app {"name":"projects/sage-pond-gen-ai/locations/us-central1/operations/operation-1713300969053-6163cf7a75b81-ef161535-1310c506","metadata":{"@type":"type.googleapis.com/google.cloud.functions.v2.OperationMetadata","createTime":"2024-04-16T20:56:09.827021592Z","target":"projects/sage-pond-gen-ai/locations/us-central1/functions/app","verb":"update","cancelRequested":false,"apiVersion":"v2"},"done":false}
[debug] [2024-04-16T20:56:23.212Z] >>> [apiv2][query] GET https://cloudfunctions.googleapis.com/v2/projects/sage-pond-gen-ai/locations/us-central1/operations/operation-1713300969053-6163cf7a75b81-ef161535-1310c506 [none]
[debug] [2024-04-16T20:56:24.160Z] <<< [apiv2][status] GET https://cloudfunctions.googleapis.com/v2/projects/sage-pond-gen-ai/locations/us-central1/operations/operation-1713300969053-6163cf7a75b81-ef161535-1310c506 200
[debug] [2024-04-16T20:56:24.160Z] <<< [apiv2][body] GET https://cloudfunctions.googleapis.com/v2/projects/sage-pond-gen-ai/locations/us-central1/operations/operation-1713300969053-6163cf7a75b81-ef161535-1310c506 {"name":"projects/sage-pond-gen-ai/locations/us-central1/operations/operation-1713300969053-6163cf7a75b81-ef161535-1310c506","metadata":{"@type":"type.googleapis.com/google.cloud.functions.v2.OperationMetadata","createTime":"2024-04-16T20:56:09.827021592Z","target":"projects/sage-pond-gen-ai/locations/us-central1/functions/app","verb":"update","cancelRequested":false,"apiVersion":"v2","requestResource":{"@type":"type.googleapis.com/google.cloud.functions.v2.Function","name":"projects/sage-pond-gen-ai/locations/us-central1/functions/app","buildConfig":{"runtime":"nodejs18","entryPoint":"app","source":{"storageSource":{"bucket":"gcf-v2-sources-369426724601-us-central1","object":"app/function-source.zip","generation":"1713300969784870"}},"environmentVariables":{"GOOGLE_NODE_RUN_SCRIPTS":""},"dockerRepository":"projects/sage-pond-gen-ai/locations/us-central1/repositories/gcf-artifacts","sourceProvenance":{"resolvedStorageSource":{"bucket":"gcf-v2-sources-369426724601-us-central1","object":"app/function-source.zip","generation":"1713292492055358"}},"dockerRegistry":"ARTIFACT_REGISTRY"},"serviceConfig":{"service":"projects/sage-pond-gen-ai/locations/us-central1/services/app","timeoutSeconds":60,"environmentVariables":{"FIREBASE_CONFIG":"{\"projectId\":\"sage-pond-gen-ai\",\"databaseURL\":\"https://sage-pond-gen-ai-default-rtdb.firebaseio.com\",\"storageBucket\":\"sage-pond-gen-ai.appspot.com\",\"locationId\":\"us-east4\"}","GCLOUD_PROJECT":"sage-pond-gen-ai","EVENTARC_CLOUD_EVENT_SOURCE":"projects/sage-pond-gen-ai/locations/us-central1/services/app","FUNCTION_TARGET":"app"},"ingressSettings":"ALLOW_ALL","serviceAccountEmail":"369426724601-compute@developer.gserviceaccount.com","availableMemory":"256Mi","allTrafficOnLatestRevision":true,"revision":"app-00001-kog","maxInstanceRequestConcurrency":80,"availableCpu":"1"},"state":"ACTIVE","labels":{"deployment-tool":"cloudfunctions","firebase-functions-hash":"0996e90f2721e83382cdf447d351b745423a7668"},"environment":"GEN_2","url":"https://us-central1-sage-pond-gen-ai.cloudfunctions.net/app"},"stages":[{"name":"BUILD","state":"NOT_STARTED"},{"name":"SERVICE","state":"NOT_STARTED"}],"operationType":"UPDATE_FUNCTION"},"done":false}
[debug] [2024-04-16T20:56:24.672Z] [update-default-us-central1-app] Retrying task index 0
[debug] [2024-04-16T20:56:24.675Z] >>> [apiv2][query] GET https://cloudfunctions.googleapis.com/v2/projects/sage-pond-gen-ai/locations/us-central1/operations/operation-1713300969053-6163cf7a75b81-ef161535-1310c506 [none]
[debug] [2024-04-16T20:56:25.801Z] <<< [apiv2][status] GET https://cloudfunctions.googleapis.com/v2/projects/sage-pond-gen-ai/locations/us-central1/operations/operation-1713300969053-6163cf7a75b81-ef161535-1310c506 200
[debug] [2024-04-16T20:56:25.802Z] <<< [apiv2][body] GET https://cloudfunctions.googleapis.com/v2/projects/sage-pond-gen-ai/locations/us-central1/operations/operation-1713300969053-6163cf7a75b81-ef161535-1310c506 {"name":"projects/sage-pond-gen-ai/locations/us-central1/operations/operation-1713300969053-6163cf7a75b81-ef161535-1310c506","metadata":{"@type":"type.googleapis.com/google.cloud.functions.v2.OperationMetadata","createTime":"2024-04-16T20:56:09.827021592Z","target":"projects/sage-pond-gen-ai/locations/us-central1/functions/app","verb":"update","cancelRequested":false,"apiVersion":"v2","requestResource":{"@type":"type.googleapis.com/google.cloud.functions.v2.Function","name":"projects/sage-pond-gen-ai/locations/us-central1/functions/app","buildConfig":{"runtime":"nodejs18","entryPoint":"app","source":{"storageSource":{"bucket":"gcf-v2-sources-369426724601-us-central1","object":"app/function-source.zip","generation":"1713300969784870"}},"environmentVariables":{"GOOGLE_NODE_RUN_SCRIPTS":""},"dockerRepository":"projects/sage-pond-gen-ai/locations/us-central1/repositories/gcf-artifacts","sourceProvenance":{"resolvedStorageSource":{"bucket":"gcf-v2-sources-369426724601-us-central1","object":"app/function-source.zip","generation":"1713292492055358"}},"dockerRegistry":"ARTIFACT_REGISTRY"},"serviceConfig":{"service":"projects/sage-pond-gen-ai/locations/us-central1/services/app","timeoutSeconds":60,"environmentVariables":{"FIREBASE_CONFIG":"{\"projectId\":\"sage-pond-gen-ai\",\"databaseURL\":\"https://sage-pond-gen-ai-default-rtdb.firebaseio.com\",\"storageBucket\":\"sage-pond-gen-ai.appspot.com\",\"locationId\":\"us-east4\"}","GCLOUD_PROJECT":"sage-pond-gen-ai","EVENTARC_CLOUD_EVENT_SOURCE":"projects/sage-pond-gen-ai/locations/us-central1/services/app","FUNCTION_TARGET":"app"},"ingressSettings":"ALLOW_ALL","serviceAccountEmail":"369426724601-compute@developer.gserviceaccount.com","availableMemory":"256Mi","allTrafficOnLatestRevision":true,"revision":"app-00001-kog","maxInstanceRequestConcurrency":80,"availableCpu":"1"},"state":"ACTIVE","labels":{"deployment-tool":"cloudfunctions","firebase-functions-hash":"0996e90f2721e83382cdf447d351b745423a7668"},"environment":"GEN_2","url":"https://us-central1-sage-pond-gen-ai.cloudfunctions.net/app"},"stages":[{"name":"BUILD","message":"Build in progress","state":"IN_PROGRESS","resource":"projects/369426724601/locations/us-central1/builds/bd7b34d2-ef75-4edf-9707-2380c696c837","resourceUri":"https://console.cloud.google.com/cloud-build/builds;region=us-central1/bd7b34d2-ef75-4edf-9707-2380c696c837?project=369426724601"},{"name":"SERVICE","state":"NOT_STARTED"}],"operationType":"UPDATE_FUNCTION"},"done":false}
[debug] [2024-04-16T20:56:26.814Z] [update-default-us-central1-app] Retrying task index 0
[debug] [2024-04-16T20:56:26.815Z] >>> [apiv2][query] GET https://cloudfunctions.googleapis.com/v2/projects/sage-pond-gen-ai/locations/us-central1/operations/operation-1713300969053-6163cf7a75b81-ef161535-1310c506 [none]
[debug] [2024-04-16T20:56:27.751Z] <<< [apiv2][status] GET https://cloudfunctions.googleapis.com/v2/projects/sage-pond-gen-ai/locations/us-central1/operations/operation-1713300969053-6163cf7a75b81-ef161535-1310c506 200
[debug] [2024-04-16T20:56:27.751Z] <<< [apiv2][body] GET https://cloudfunctions.googleapis.com/v2/projects/sage-pond-gen-ai/locations/us-central1/operations/operation-1713300969053-6163cf7a75b81-ef161535-1310c506 {"name":"projects/sage-pond-gen-ai/locations/us-central1/operations/operation-1713300969053-6163cf7a75b81-ef161535-1310c506","metadata":{"@type":"type.googleapis.com/google.cloud.functions.v2.OperationMetadata","createTime":"2024-04-16T20:56:09.827021592Z","target":"projects/sage-pond-gen-ai/locations/us-central1/functions/app","verb":"update","cancelRequested":false,"apiVersion":"v2","requestResource":{"@type":"type.googleapis.com/google.cloud.functions.v2.Function","name":"projects/sage-pond-gen-ai/locations/us-central1/functions/app","buildConfig":{"runtime":"nodejs18","entryPoint":"app","source":{"storageSource":{"bucket":"gcf-v2-sources-369426724601-us-central1","object":"app/function-source.zip","generation":"1713300969784870"}},"environmentVariables":{"GOOGLE_NODE_RUN_SCRIPTS":""},"dockerRepository":"projects/sage-pond-gen-ai/locations/us-central1/repositories/gcf-artifacts","sourceProvenance":{"resolvedStorageSource":{"bucket":"gcf-v2-sources-369426724601-us-central1","object":"app/function-source.zip","generation":"1713292492055358"}},"dockerRegistry":"ARTIFACT_REGISTRY"},"serviceConfig":{"service":"projects/sage-pond-gen-ai/locations/us-central1/services/app","timeoutSeconds":60,"environmentVariables":{"FIREBASE_CONFIG":"{\"projectId\":\"sage-pond-gen-ai\",\"databaseURL\":\"https://sage-pond-gen-ai-default-rtdb.firebaseio.com\",\"storageBucket\":\"sage-pond-gen-ai.appspot.com\",\"locationId\":\"us-east4\"}","GCLOUD_PROJECT":"sage-pond-gen-ai","EVENTARC_CLOUD_EVENT_SOURCE":"projects/sage-pond-gen-ai/locations/us-central1/services/app","FUNCTION_TARGET":"app"},"ingressSettings":"ALLOW_ALL","serviceAccountEmail":"369426724601-compute@developer.gserviceaccount.com","availableMemory":"256Mi","allTrafficOnLatestRevision":true,"revision":"app-00001-kog","maxInstanceRequestConcurrency":80,"availableCpu":"1"},"state":"ACTIVE","labels":{"deployment-tool":"cloudfunctions","firebase-functions-hash":"0996e90f2721e83382cdf447d351b745423a7668"},"environment":"GEN_2","url":"https://us-central1-sage-pond-gen-ai.cloudfunctions.net/app"},"stages":[{"name":"BUILD","message":"Build in progress","state":"IN_PROGRESS","resource":"projects/369426724601/locations/us-central1/builds/bd7b34d2-ef75-4edf-9707-2380c696c837","resourceUri":"https://console.cloud.google.com/cloud-build/builds;region=us-central1/bd7b34d2-ef75-4edf-9707-2380c696c837?project=369426724601"},{"name":"SERVICE","state":"NOT_STARTED"}],"operationType":"UPDATE_FUNCTION"},"done":false}
[debug] [2024-04-16T20:56:29.755Z] [update-default-us-central1-app] Retrying task index 0
[debug] [2024-04-16T20:56:29.756Z] >>> [apiv2][query] GET https://cloudfunctions.googleapis.com/v2/projects/sage-pond-gen-ai/locations/us-central1/operations/operation-1713300969053-6163cf7a75b81-ef161535-1310c506 [none]
[debug] [2024-04-16T20:56:30.676Z] <<< [apiv2][status] GET https://cloudfunctions.googleapis.com/v2/projects/sage-pond-gen-ai/locations/us-central1/operations/operation-1713300969053-6163cf7a75b81-ef161535-1310c506 200
[debug] [2024-04-16T20:56:30.676Z] <<< [apiv2][body] GET https://cloudfunctions.googleapis.com/v2/projects/sage-pond-gen-ai/locations/us-central1/operations/operation-1713300969053-6163cf7a75b81-ef161535-1310c506 {"name":"projects/sage-pond-gen-ai/locations/us-central1/operations/operation-1713300969053-6163cf7a75b81-ef161535-1310c506","metadata":{"@type":"type.googleapis.com/google.cloud.functions.v2.OperationMetadata","createTime":"2024-04-16T20:56:09.827021592Z","target":"projects/sage-pond-gen-ai/locations/us-central1/functions/app","verb":"update","cancelRequested":false,"apiVersion":"v2","requestResource":{"@type":"type.googleapis.com/google.cloud.functions.v2.Function","name":"projects/sage-pond-gen-ai/locations/us-central1/functions/app","buildConfig":{"runtime":"nodejs18","entryPoint":"app","source":{"storageSource":{"bucket":"gcf-v2-sources-369426724601-us-central1","object":"app/function-source.zip","generation":"1713300969784870"}},"environmentVariables":{"GOOGLE_NODE_RUN_SCRIPTS":""},"dockerRepository":"projects/sage-pond-gen-ai/locations/us-central1/repositories/gcf-artifacts","sourceProvenance":{"resolvedStorageSource":{"bucket":"gcf-v2-sources-369426724601-us-central1","object":"app/function-source.zip","generation":"1713292492055358"}},"dockerRegistry":"ARTIFACT_REGISTRY"},"serviceConfig":{"service":"projects/sage-pond-gen-ai/locations/us-central1/services/app","timeoutSeconds":60,"environmentVariables":{"FIREBASE_CONFIG":"{\"projectId\":\"sage-pond-gen-ai\",\"databaseURL\":\"https://sage-pond-gen-ai-default-rtdb.firebaseio.com\",\"storageBucket\":\"sage-pond-gen-ai.appspot.com\",\"locationId\":\"us-east4\"}","GCLOUD_PROJECT":"sage-pond-gen-ai","EVENTARC_CLOUD_EVENT_SOURCE":"projects/sage-pond-gen-ai/locations/us-central1/services/app","FUNCTION_TARGET":"app"},"ingressSettings":"ALLOW_ALL","serviceAccountEmail":"369426724601-compute@developer.gserviceaccount.com","availableMemory":"256Mi","allTrafficOnLatestRevision":true,"revision":"app-00001-kog","maxInstanceRequestConcurrency":80,"availableCpu":"1"},"state":"ACTIVE","labels":{"deployment-tool":"cloudfunctions","firebase-functions-hash":"0996e90f2721e83382cdf447d351b745423a7668"},"environment":"GEN_2","url":"https://us-central1-sage-pond-gen-ai.cloudfunctions.net/app"},"stages":[{"name":"BUILD","message":"Build in progress","state":"IN_PROGRESS","resource":"projects/369426724601/locations/us-central1/builds/bd7b34d2-ef75-4edf-9707-2380c696c837","resourceUri":"https://console.cloud.google.com/cloud-build/builds;region=us-central1/bd7b34d2-ef75-4edf-9707-2380c696c837?project=369426724601"},{"name":"SERVICE","state":"NOT_STARTED"}],"operationType":"UPDATE_FUNCTION"},"done":false}
[debug] [2024-04-16T20:56:34.688Z] [update-default-us-central1-app] Retrying task index 0
[debug] [2024-04-16T20:56:34.689Z] >>> [apiv2][query] GET https://cloudfunctions.googleapis.com/v2/projects/sage-pond-gen-ai/locations/us-central1/operations/operation-1713300969053-6163cf7a75b81-ef161535-1310c506 [none]
[debug] [2024-04-16T20:56:35.667Z] <<< [apiv2][status] GET https://cloudfunctions.googleapis.com/v2/projects/sage-pond-gen-ai/locations/us-central1/operations/operation-1713300969053-6163cf7a75b81-ef161535-1310c506 200
[debug] [2024-04-16T20:56:35.668Z] <<< [apiv2][body] GET https://cloudfunctions.googleapis.com/v2/projects/sage-pond-gen-ai/locations/us-central1/operations/operation-1713300969053-6163cf7a75b81-ef161535-1310c506 {"name":"projects/sage-pond-gen-ai/locations/us-central1/operations/operation-1713300969053-6163cf7a75b81-ef161535-1310c506","metadata":{"@type":"type.googleapis.com/google.cloud.functions.v2.OperationMetadata","createTime":"2024-04-16T20:56:09.827021592Z","target":"projects/sage-pond-gen-ai/locations/us-central1/functions/app","verb":"update","cancelRequested":false,"apiVersion":"v2","requestResource":{"@type":"type.googleapis.com/google.cloud.functions.v2.Function","name":"projects/sage-pond-gen-ai/locations/us-central1/functions/app","buildConfig":{"runtime":"nodejs18","entryPoint":"app","source":{"storageSource":{"bucket":"gcf-v2-sources-369426724601-us-central1","object":"app/function-source.zip","generation":"1713300969784870"}},"environmentVariables":{"GOOGLE_NODE_RUN_SCRIPTS":""},"dockerRepository":"projects/sage-pond-gen-ai/locations/us-central1/repositories/gcf-artifacts","sourceProvenance":{"resolvedStorageSource":{"bucket":"gcf-v2-sources-369426724601-us-central1","object":"app/function-source.zip","generation":"1713292492055358"}},"dockerRegistry":"ARTIFACT_REGISTRY"},"serviceConfig":{"service":"projects/sage-pond-gen-ai/locations/us-central1/services/app","timeoutSeconds":60,"environmentVariables":{"FIREBASE_CONFIG":"{\"projectId\":\"sage-pond-gen-ai\",\"databaseURL\":\"https://sage-pond-gen-ai-default-rtdb.firebaseio.com\",\"storageBucket\":\"sage-pond-gen-ai.appspot.com\",\"locationId\":\"us-east4\"}","GCLOUD_PROJECT":"sage-pond-gen-ai","EVENTARC_CLOUD_EVENT_SOURCE":"projects/sage-pond-gen-ai/locations/us-central1/services/app","FUNCTION_TARGET":"app"},"ingressSettings":"ALLOW_ALL","serviceAccountEmail":"369426724601-compute@developer.gserviceaccount.com","availableMemory":"256Mi","allTrafficOnLatestRevision":true,"revision":"app-00001-kog","maxInstanceRequestConcurrency":80,"availableCpu":"1"},"state":"ACTIVE","labels":{"deployment-tool":"cloudfunctions","firebase-functions-hash":"0996e90f2721e83382cdf447d351b745423a7668"},"environment":"GEN_2","url":"https://us-central1-sage-pond-gen-ai.cloudfunctions.net/app"},"stages":[{"name":"BUILD","message":"Build in progress","state":"IN_PROGRESS","resource":"projects/369426724601/locations/us-central1/builds/bd7b34d2-ef75-4edf-9707-2380c696c837","resourceUri":"https://console.cloud.google.com/cloud-build/builds;region=us-central1/bd7b34d2-ef75-4edf-9707-2380c696c837?project=369426724601"},{"name":"SERVICE","state":"NOT_STARTED"}],"operationType":"UPDATE_FUNCTION"},"done":false}
[debug] [2024-04-16T20:56:43.669Z] [update-default-us-central1-app] Retrying task index 0
[debug] [2024-04-16T20:56:43.672Z] >>> [apiv2][query] GET https://cloudfunctions.googleapis.com/v2/projects/sage-pond-gen-ai/locations/us-central1/operations/operation-1713300969053-6163cf7a75b81-ef161535-1310c506 [none]
[debug] [2024-04-16T20:56:44.237Z] *** [apiv2] error from fetch(https://cloudfunctions.googleapis.com/v2/projects/sage-pond-gen-ai/locations/us-central1/operations/operation-1713300969053-6163cf7a75b81-ef161535-1310c506, {"headers":{},"method":"GET"}): FetchError: request to https://cloudfunctions.googleapis.com/v2/projects/sage-pond-gen-ai/locations/us-central1/operations/operation-1713300969053-6163cf7a75b81-ef161535-1310c506 failed, reason: read ECONNRESET
[debug] [2024-04-16T20:56:54.251Z] [update-default-us-central1-app] Retrying task index 0
[debug] [2024-04-16T20:56:54.253Z] >>> [apiv2][query] GET https://cloudfunctions.googleapis.com/v2/projects/sage-pond-gen-ai/locations/us-central1/operations/operation-1713300969053-6163cf7a75b81-ef161535-1310c506 [none]
[debug] [2024-04-16T20:56:54.527Z] *** [apiv2] error from fetch(https://cloudfunctions.googleapis.com/v2/projects/sage-pond-gen-ai/locations/us-central1/operations/operation-1713300969053-6163cf7a75b81-ef161535-1310c506, {"headers":{},"method":"GET"}): FetchError: request to https://cloudfunctions.googleapis.com/v2/projects/sage-pond-gen-ai/locations/us-central1/operations/operation-1713300969053-6163cf7a75b81-ef161535-1310c506 failed, reason: read ECONNRESET
[debug] [2024-04-16T20:57:04.537Z] [update-default-us-central1-app] Retrying task index 0
[debug] [2024-04-16T20:57:04.539Z] >>> [apiv2][query] GET https://cloudfunctions.googleapis.com/v2/projects/sage-pond-gen-ai/locations/us-central1/operations/operation-1713300969053-6163cf7a75b81-ef161535-1310c506 [none]
[debug] [2024-04-16T20:57:04.617Z] *** [apiv2] error from fetch(https://cloudfunctions.googleapis.com/v2/projects/sage-pond-gen-ai/locations/us-central1/operations/operation-1713300969053-6163cf7a75b81-ef161535-1310c506, {"headers":{},"method":"GET"}): FetchError: request to https://cloudfunctions.googleapis.com/v2/projects/sage-pond-gen-ai/locations/us-central1/operations/operation-1713300969053-6163cf7a75b81-ef161535-1310c506 failed, reason: read ECONNRESET
[debug] [2024-04-16T20:57:14.631Z] [update-default-us-central1-app] Retrying task index 0
[debug] [2024-04-16T20:57:14.633Z] >>> [apiv2][query] GET https://cloudfunctions.googleapis.com/v2/projects/sage-pond-gen-ai/locations/us-central1/operations/operation-1713300969053-6163cf7a75b81-ef161535-1310c506 [none]
[debug] [2024-04-16T20:57:14.708Z] *** [apiv2] error from fetch(https://cloudfunctions.googleapis.com/v2/projects/sage-pond-gen-ai/locations/us-central1/operations/operation-1713300969053-6163cf7a75b81-ef161535-1310c506, {"headers":{},"method":"GET"}): FetchError: request to https://cloudfunctions.googleapis.com/v2/projects/sage-pond-gen-ai/locations/us-central1/operations/operation-1713300969053-6163cf7a75b81-ef161535-1310c506 failed, reason: read ECONNRESET
[debug] [2024-04-16T20:57:24.709Z] [update-default-us-central1-app] Retrying task index 0
[debug] [2024-04-16T20:57:24.710Z] >>> [apiv2][query] GET https://cloudfunctions.googleapis.com/v2/projects/sage-pond-gen-ai/locations/us-central1/operations/operation-1713300969053-6163cf7a75b81-ef161535-1310c506 [none]
[debug] [2024-04-16T20:57:24.812Z] *** [apiv2] error from fetch(https://cloudfunctions.googleapis.com/v2/projects/sage-pond-gen-ai/locations/us-central1/operations/operation-1713300969053-6163cf7a75b81-ef161535-1310c506, {"headers":{},"method":"GET"}): FetchError: request to https://cloudfunctions.googleapis.com/v2/projects/sage-pond-gen-ai/locations/us-central1/operations/operation-1713300969053-6163cf7a75b81-ef161535-1310c506 failed, reason: read ECONNRESET
[debug] [2024-04-16T20:57:34.820Z] [update-default-us-central1-app] Retrying task index 0
[debug] [2024-04-16T20:57:34.821Z] >>> [apiv2][query] GET https://cloudfunctions.googleapis.com/v2/projects/sage-pond-gen-ai/locations/us-central1/operations/operation-1713300969053-6163cf7a75b81-ef161535-1310c506 [none]
[debug] [2024-04-16T20:57:34.910Z] *** [apiv2] error from fetch(https://cloudfunctions.googleapis.com/v2/projects/sage-pond-gen-ai/locations/us-central1/operations/operation-1713300969053-6163cf7a75b81-ef161535-1310c506, {"headers":{},"method":"GET"}): FetchError: request to https://cloudfunctions.googleapis.com/v2/projects/sage-pond-gen-ai/locations/us-central1/operations/operation-1713300969053-6163cf7a75b81-ef161535-1310c506 failed, reason: read ECONNRESET
[debug] [2024-04-16T20:57:44.922Z] [update-default-us-central1-app] Retrying task index 0
[debug] [2024-04-16T20:57:44.923Z] >>> [apiv2][query] GET https://cloudfunctions.googleapis.com/v2/projects/sage-pond-gen-ai/locations/us-central1/operations/operation-1713300969053-6163cf7a75b81-ef161535-1310c506 [none]
[debug] [2024-04-16T20:57:46.124Z] <<< [apiv2][status] GET https://cloudfunctions.googleapis.com/v2/projects/sage-pond-gen-ai/locations/us-central1/operations/operation-1713300969053-6163cf7a75b81-ef161535-1310c506 200
[debug] [2024-04-16T20:57:46.125Z] <<< [apiv2][body] GET https://cloudfunctions.googleapis.com/v2/projects/sage-pond-gen-ai/locations/us-central1/operations/operation-1713300969053-6163cf7a75b81-ef161535-1310c506 {"name":"projects/sage-pond-gen-ai/locations/us-central1/operations/operation-1713300969053-6163cf7a75b81-ef161535-1310c506","metadata":{"@type":"type.googleapis.com/google.cloud.functions.v2.OperationMetadata","createTime":"2024-04-16T20:56:09.827021592Z","endTime":"2024-04-16T20:57:02.805126945Z","target":"projects/sage-pond-gen-ai/locations/us-central1/functions/app","verb":"update","cancelRequested":false,"apiVersion":"v2","requestResource":{"@type":"type.googleapis.com/google.cloud.functions.v2.Function","name":"projects/sage-pond-gen-ai/locations/us-central1/functions/app","buildConfig":{"runtime":"nodejs18","entryPoint":"app","source":{"storageSource":{"bucket":"gcf-v2-sources-369426724601-us-central1","object":"app/function-source.zip","generation":"1713300969784870"}},"environmentVariables":{"GOOGLE_NODE_RUN_SCRIPTS":""},"dockerRepository":"projects/sage-pond-gen-ai/locations/us-central1/repositories/gcf-artifacts","sourceProvenance":{"resolvedStorageSource":{"bucket":"gcf-v2-sources-369426724601-us-central1","object":"app/function-source.zip","generation":"1713292492055358"}},"dockerRegistry":"ARTIFACT_REGISTRY"},"serviceConfig":{"service":"projects/sage-pond-gen-ai/locations/us-central1/services/app","timeoutSeconds":60,"environmentVariables":{"FIREBASE_CONFIG":"{\"projectId\":\"sage-pond-gen-ai\",\"databaseURL\":\"https://sage-pond-gen-ai-default-rtdb.firebaseio.com\",\"storageBucket\":\"sage-pond-gen-ai.appspot.com\",\"locationId\":\"us-east4\"}","GCLOUD_PROJECT":"sage-pond-gen-ai","EVENTARC_CLOUD_EVENT_SOURCE":"projects/sage-pond-gen-ai/locations/us-central1/services/app","FUNCTION_TARGET":"app"},"ingressSettings":"ALLOW_ALL","serviceAccountEmail":"369426724601-compute@developer.gserviceaccount.com","availableMemory":"256Mi","allTrafficOnLatestRevision":true,"revision":"app-00001-kog","maxInstanceRequestConcurrency":80,"availableCpu":"1"},"state":"ACTIVE","labels":{"deployment-tool":"cloudfunctions","firebase-functions-hash":"0996e90f2721e83382cdf447d351b745423a7668"},"environment":"GEN_2","url":"https://us-central1-sage-pond-gen-ai.cloudfunctions.net/app"},"stages":[{"name":"SERVICE","state":"NOT_STARTED"}],"operationType":"UPDATE_FUNCTION"},"done":true,"error":{"code":3,"message":"Could not create or update Cloud Run service app, Container Healthcheck failed. Revision 'app-00002-buf' is not ready and cannot serve traffic. The user-provided container failed to start and listen on the port defined provided by the PORT=8080 environment variable. Logs for this revision might contain more information.\n\nLogs URL: https://console.cloud.google.com/logs/viewer?project=sage-pond-gen-ai&resource=cloud_run_revision/service_name/app/revision_name/app-00002-buf&advancedFilter=resource.type%3D%22cloud_run_revision%22%0Aresource.labels.service_name%3D%22app%22%0Aresource.labels.revision_name%3D%22app-00002-buf%22 \nFor more troubleshooting guidance, see https://cloud.google.com/run/docs/troubleshooting#container-failed-to-start"}}
[debug] [2024-04-16T20:57:46.125Z] Got source token undefined for region us-central1
[error] Could not create or update Cloud Run service app, Container Healthcheck failed. Revision 'app-00002-buf' is not ready and cannot serve traffic. The user-provided container failed to start and listen on the port defined provided by the PORT=8080 environment variable. Logs for this revision might contain more information.

Logs URL: https://console.cloud.google.com/logs/viewer?project=sage-pond-gen-ai&resource=cloud_run_revision/service_name/app/revision_name/app-00002-buf&advancedFilter=resource.type%3D%22cloud_run_revision%22%0Aresource.labels.service_name%3D%22app%22%0Aresource.labels.revision_name%3D%22app-00002-buf%22 
For more troubleshooting guidance, see https://cloud.google.com/run/docs/troubleshooting#container-failed-to-start
[debug] [2024-04-16T20:57:46.134Z] Total Function Deployment time: 84992
[debug] [2024-04-16T20:57:46.135Z] 1 Functions Deployed
[debug] [2024-04-16T20:57:46.135Z] 1 Functions Errored
[debug] [2024-04-16T20:57:46.135Z] 0 Function Deployments Aborted
[debug] [2024-04-16T20:57:46.135Z] Average Function Deployment time: 84989
[info] 
[info] Functions deploy had errors with the following functions:
	app(us-central1)
[debug] [2024-04-16T20:57:46.142Z] Not printing URL for HTTPS function. Typically this means it didn't match a filter or we failed deployment
[info] i  functions: cleaning up build files... 
[debug] [2024-04-16T20:57:46.151Z] >>> [apiv2][query] DELETE https://artifactregistry.googleapis.com/v1beta2/projects/sage-pond-gen-ai/locations/us-central1/repositories/gcf-artifacts/packages/app [none]
[debug] [2024-04-16T20:57:46.155Z] >>> [apiv2][query] GET https://us.gcr.io/v2/sage-pond-gen-ai/gcf/us-central1/tags/list [none]
[debug] [2024-04-16T20:57:47.600Z] *** [apiv2] error from fetch(https://artifactregistry.googleapis.com/v1beta2/projects/sage-pond-gen-ai/locations/us-central1/repositories/gcf-artifacts/packages/app, {"headers":{},"method":"DELETE"}): FetchError: request to https://artifactregistry.googleapis.com/v1beta2/projects/sage-pond-gen-ai/locations/us-central1/repositories/gcf-artifacts/packages/app failed, reason: read ECONNRESET
[debug] [2024-04-16T20:57:56.158Z] Failed docker command with error  Timeout {}
[debug] [2024-04-16T20:57:56.173Z] >>> [apiv2][query] GET https://us.gcr.io/v2/sage-pond-gen-ai/gcf/us-central1/tags/list [none]
[debug] [2024-04-16T20:57:56.440Z] *** [apiv2] error from fetch(https://us.gcr.io/v2/sage-pond-gen-ai/gcf/us-central1/tags/list, {"headers":{},"method":"GET"}): FetchError: request to https://us.gcr.io/v2/sage-pond-gen-ai/gcf/us-central1/tags/list failed, reason: read ECONNRESET
[debug] [2024-04-16T20:57:56.440Z] Failed docker command with error  Failed to make request to https://us.gcr.io/v2/sage-pond-gen-ai/gcf/us-central1/tags/list {"name":"FirebaseError","children":[],"exit":1,"message":"Failed to make request to https://us.gcr.io/v2/sage-pond-gen-ai/gcf/us-central1/tags/list","original":{"message":"request to https://us.gcr.io/v2/sage-pond-gen-ai/gcf/us-central1/tags/list failed, reason: read ECONNRESET","type":"system","errno":"ECONNRESET","code":"ECONNRESET"},"status":500}
[debug] [2024-04-16T20:57:56.552Z] >>> [apiv2][query] GET https://us.gcr.io/v2/sage-pond-gen-ai/gcf/us-central1/tags/list [none]
[debug] [2024-04-16T20:57:56.817Z] *** [apiv2] error from fetch(https://us.gcr.io/v2/sage-pond-gen-ai/gcf/us-central1/tags/list, {"headers":{},"method":"GET"}): FetchError: request to https://us.gcr.io/v2/sage-pond-gen-ai/gcf/us-central1/tags/list failed, reason: read ECONNRESET
[debug] [2024-04-16T20:57:56.818Z] Failed docker command with error  Failed to make request to https://us.gcr.io/v2/sage-pond-gen-ai/gcf/us-central1/tags/list {"name":"FirebaseError","children":[],"exit":1,"message":"Failed to make request to https://us.gcr.io/v2/sage-pond-gen-ai/gcf/us-central1/tags/list","original":{"message":"request to https://us.gcr.io/v2/sage-pond-gen-ai/gcf/us-central1/tags/list failed, reason: read ECONNRESET","type":"system","errno":"ECONNRESET","code":"ECONNRESET"},"status":500}
[warn] !  functions: Unhandled error cleaning up build images. This could result in a small monthly bill if not corrected. You can attempt to delete these images by redeploying or you can delete them manually at
	https://console.cloud.google.com/artifacts/docker/sage-pond-gen-ai/us-central1/gcf-artifacts
	https://console.cloud.google.com/gcr/images/sage-pond-gen-ai/us/gcf 
[debug] [2024-04-16T20:57:56.821Z] Functions deploy failed.
[debug] [2024-04-16T20:57:56.822Z] {
  "endpoint": {
    "id": "app",
    "project": "sage-pond-gen-ai",
    "region": "us-central1",
    "entryPoint": "app",
    "platform": "gcfv2",
    "runtime": "nodejs18",
    "httpsTrigger": {},
    "labels": {
      "deployment-tool": "cli-firebase"
    },
    "ingressSettings": null,
    "availableMemoryMb": null,
    "serviceAccount": null,
    "timeoutSeconds": null,
    "maxInstances": null,
    "minInstances": null,
    "concurrency": 80,
    "vpc": null,
    "environmentVariables": {
      "FIREBASE_CONFIG": "{\"projectId\":\"sage-pond-gen-ai\",\"databaseURL\":\"https://sage-pond-gen-ai-default-rtdb.firebaseio.com\",\"storageBucket\":\"sage-pond-gen-ai.appspot.com\",\"locationId\":\"us-east4\"}",
      "GCLOUD_PROJECT": "sage-pond-gen-ai",
      "EVENTARC_CLOUD_EVENT_SOURCE": "projects/sage-pond-gen-ai/locations/us-central1/services/app",
      "FUNCTION_TARGET": "app"
    },
    "codebase": "default",
    "runServiceId": "app",
    "cpu": 1,
    "securityLevel": "SECURE_ALWAYS",
    "targetedByOnly": false,
    "hash": "0996e90f2721e83382cdf447d351b745423a7668"
  },
  "op": "update",
  "original": {
    "name": "FirebaseError",
    "children": [],
    "exit": 1,
    "message": "Could not create or update Cloud Run service app, Container Healthcheck failed. Revision 'app-00002-buf' is not ready and cannot serve traffic. The user-provided container failed to start and listen on the port defined provided by the PORT=8080 environment variable. Logs for this revision might contain more information.\n\nLogs URL: https://console.cloud.google.com/logs/viewer?project=sage-pond-gen-ai&resource=cloud_run_revision/service_name/app/revision_name/app-00002-buf&advancedFilter=resource.type%3D%22cloud_run_revision%22%0Aresource.labels.service_name%3D%22app%22%0Aresource.labels.revision_name%3D%22app-00002-buf%22 \nFor more troubleshooting guidance, see https://cloud.google.com/run/docs/troubleshooting#container-failed-to-start",
    "status": 3,
    "code": 3
  }
}
[debug] [2024-04-16T20:57:56.826Z] Error: Failed to update function app in region us-central1
    at C:\Users\Admin\AppData\Roaming\npm\node_modules\firebase-tools\lib\deploy\functions\release\fabricator.js:394:19
    at process.processTicksAndRejections (node:internal/process/task_queues:95:5)
    at async Fabricator.updateV2Function (C:\Users\Admin\AppData\Roaming\npm\node_modules\firebase-tools\lib\deploy\functions\release\fabricator.js:385:32)
    at async Fabricator.updateEndpoint (C:\Users\Admin\AppData\Roaming\npm\node_modules\firebase-tools\lib\deploy\functions\release\fabricator.js:154:13)
    at async handle (C:\Users\Admin\AppData\Roaming\npm\node_modules\firebase-tools\lib\deploy\functions\release\fabricator.js:88:17)
[error] 
[error] Error: There was an error deploying functions
